slug,name_ko,name_en,country_code,wiki_en_title,origin_note,demo_required
kimchi,김치,Kimchi,KR,Kimchi,,Y
bibimbap,비빔밥,Bibimbap,KR,Bibimbap,,
bulgogi,불고기,Bulgogi,KR,Bulgogi,,
mandu,만두,Mandu,KR,Mandu (food),,Y
tteokbokki,떡볶이,Tteokbokki,KR,Tteok-bokki,,
doenjang-jjigae,된장찌개,Doenjang-jjigae,KR,Doenjang-jjigae,,
sushi,스시,Sushi,JP,Sushi,,
ramen,라멘,Ramen,JP,Ramen,중국 면 요리에서 발전,
tempura,덴푸라,Tempura,JP,Tempura,포르투갈 영향설,
miso-soup,미소시루,Miso soup,JP,Miso soup,,
okonomiyaki,오코노미야키,Okonomiyaki,JP,Okonomiyaki,,
onigiri,오니기리,Onigiri,JP,Onigiri,,
peking-duck,베이징 카오야,Peking duck,CN,Peking duck,,
xiaolongbao,샤오룽바오,Xiaolongbao,CN,Xiaolongbao,,
mapo-tofu,마파두부,Mapo tofu,CN,Mapo tofu,,
jiaozi,자오쯔,Jiaozi,CN,Jiaozi,,Y
kung-pao-chicken,궁바오지딩,Kung Pao chicken,CN,Kung Pao chicken,,
hot-pot,훠궈,Hot pot,CN,Hot pot,,
pad-thai,팟타이,Pad thai,TH,Pad thai,,
tom-yum,똠얌,Tom yum,TH,Tom yum,,
som-tam,쏨땀,Som tam,TH,Som tam,라오스와 공유,
green-curry,그린 커리,Green curry,TH,Green curry,,
mango-sticky-rice,카오니아오 마무앙,Mango sticky rice,TH,Mango sticky rice,,
massaman-curry,마사만 커리,Massaman curry,TH,Massaman curry,,
pho,퍼,Pho,VN,Phở,,
banh-mi,반미,Banh mi,VN,Bánh mì,프랑스 식민지기 바게트 영향,
goi-cuon,고이꾸온,Goi cuon,VN,Gỏi cuốn,,
bun-cha,분짜,Bun cha,VN,Bún chả,,
banh-xeo,반쎄오,Banh xeo,VN,Bánh xèo,,
com-tam,껌땀,Com tam,VN,Cơm tấm,,
nasi-goreng,나시고렝,Nasi goreng,ID,Nasi goreng,,
rendang,른당,Rendang,ID,Rendang,,
satay,사테,Satay,ID,Satay,말레이시아·싱가포르 등과 공유,
gado-gado,가도가도,Gado-gado,ID,Gado-gado,,
tempeh,템페,Tempeh,ID,Tempeh,,
soto,소토,Soto,ID,Soto (food),,
adobo,아도보,Adobo,PH,Philippine adobo,,
sinigang,시니강,Sinigang,PH,Sinigang,,
lechon,레촌,Lechon,PH,Lechon,스페인어권과 공유,
halo-halo,할로할로,Halo-halo,PH,Halo-halo,,
pancit,판싯,Pancit,PH,Pancit,중국 면 요리 영향,
kare-kare,카레카레,Kare-kare,PH,Kare-kare,,
chana-masala,차나 마살라,Chana masala,IN,Chana masala,,Y
aloo-gobi,알루 고비,Aloo gobi,IN,Aloo gobi,,
butter-chicken,버터 치킨,Butter chicken,IN,Butter chicken,,Y
biryani,비리야니,Biryani,IN,Biryani,남아시아 전역,
masala-dosa,마살라 도사,Masala dosa,IN,Masala dosa,,
palak-paneer,팔락 파니르,Palak paneer,IN,Palak paneer,,Y
momo,모모,Momo,NP,Momo (food),티베트 기원설,Y
dal-bhat,달 밧,Dal bhat,NP,Dal bhat,,
sel-roti,셀 로티,Sel roti,NP,Sel roti,,
thukpa,툭파,Thukpa,NP,Thukpa,티베트 기원,
gundruk,군드룩,Gundruk,NP,Gundruk,,
yomari,요마리,Yomari,NP,Yomari,,
plov,플롭,Plov,UZ,Pilaf,중앙아시아·중동 전역의 필라프 계열,
samsa,삼사,Samsa,UZ,Samsa (food),,
lagman,라그만,Lagman,UZ,Laghman (food),위구르 기원,
manti,만티,Manti,UZ,Manti (food),,Y
shashlik,샤슬릭,Shashlik,UZ,Shashlik,,
shurpa,슈르파,Shurpa,UZ,Shurpa,,
pizza-margherita,피자 마르게리타,Pizza Margherita,IT,Pizza Margherita,,
carbonara,카르보나라,Carbonara,IT,Carbonara,,
risotto,리소토,Risotto,IT,Risotto,,
lasagna,라자냐,Lasagna,IT,Lasagna,,
tiramisu,티라미수,Tiramisu,IT,Tiramisu,,
pesto,페스토,Pesto,IT,Pesto,,
crepe,크레프,Crêpe,FR,Crêpe,,
ratatouille,라타투이,Ratatouille,FR,Ratatouille,,
coq-au-vin,코코뱅,Coq au vin,FR,Coq au vin,,
bouillabaisse,부야베스,Bouillabaisse,FR,Bouillabaisse,,
croissant,크루아상,Croissant,FR,Croissant,오스트리아 킵펠 기원설,
quiche,키슈,Quiche,FR,Quiche,,
paella,파에야,Paella,ES,Paella,,
gazpacho,가스파초,Gazpacho,ES,Gazpacho,,
spanish-omelette,토르티야 데 파타타스,Spanish omelette,ES,Spanish omelette,,
churros,추로스,Churros,ES,Churro,,
patatas-bravas,파타타스 브라바스,Patatas bravas,ES,Patatas bravas,,
jamon-iberico,하몬 이베리코,Jamón ibérico,ES,Jamón ibérico,,
moussaka,무사카,Moussaka,GR,Moussaka,발칸·중동과 공유,
souvlaki,수블라키,Souvlaki,GR,Souvlaki,,
gyros,기로스,Gyros,GR,Gyros,튀르키예 되네르와 연결,
spanakopita,스파나코피타,Spanakopita,GR,Spanakopita,,
tzatziki,차지키,Tzatziki,GR,Tzatziki,,
greek-salad,그릭 샐러드,Greek salad,GR,Greek salad,,
wiener-schnitzel,비너 슈니첼,Wiener schnitzel,AT,Wiener schnitzel,,
sachertorte,자허토르테,Sachertorte,AT,Sachertorte,,
apple-strudel,아펠슈트루델,Apple strudel,AT,Apple strudel,,
tafelspitz,타펠슈피츠,Tafelspitz,AT,Tafelspitz,,
kaiserschmarrn,카이저슈마렌,Kaiserschmarrn,AT,Kaiserschmarrn,,
viennese-coffee,비엔나 커피하우스 커피,Viennese coffee,AT,Viennese coffee house,커피 문화 이야기용,Y
pierogi,피에로기,Pierogi,PL,Pierogi,,Y
bigos,비고스,Bigos,PL,Bigos,,
zurek,주레크,Żurek,PL,Żurek,,
golabki,고원브키,Gołąbki,PL,Gołąbki,동유럽 공유,
kielbasa,키엘바사,Kielbasa,PL,Kielbasa,,
paczki,퐁치키,Pączki,PL,Pączki,,
khinkali,힌칼리,Khinkali,GE,Khinkali,,Y
khachapuri,하차푸리,Khachapuri,GE,Khachapuri,,
churchkhela,추르치헬라,Churchkhela,GE,Churchkhela,,
pkhali,프할리,Pkhali,GE,Pkhali,,
lobio,로비오,Lobio,GE,Lobio,,
satsivi,사치비,Satsivi,GE,Satsivi,,
doner-kebab,되네르 케밥,Döner kebab,TR,Doner kebab,,
menemen,메네멘,Menemen,TR,Menemen (food),,
baklava,바클라바,Baklava,TR,Baklava,오스만 제국 전역 공유,
lahmacun,라흐마준,Lahmacun,TR,Lahmacun,레바논·시리아와 공유,
turkish-coffee,튀르키예 커피,Turkish coffee,TR,Turkish coffee,커피 문화 이야기용,Y
iskender-kebap,이스켄데르 케밥,İskender kebap,TR,İskender kebap,,
falafel,팔라펠,Falafel,LB,Falafel,"이집트 기원설, 중동 전역",Y
hummus,후무스,Hummus,LB,Hummus,중동 전역,
tabbouleh,타불레,Tabbouleh,LB,Tabbouleh,,
kibbeh,키베,Kibbeh,LB,Kibbeh,,
fattoush,파투시,Fattoush,LB,Fattoush,,
manakish,마나키시,Manakish,LB,Manakish,,
ghormeh-sabzi,고르메 사브지,Ghormeh sabzi,IR,Ghormeh sabzi,,
tahdig,타딕,Tahdig,IR,Tahdig,,
fesenjan,페센잔,Fesenjan,IR,Fesenjan,,
kabab-koobideh,쿠비데 케밥,Kabab koobideh,IR,Kabab koobideh,,
ash-reshteh,아시 레시테,Ash reshteh,IR,Ash reshteh,,
sholeh-zard,숄레 자르드,Sholeh zard,IR,Zerde,튀르키예 제르데와 같은 계열,
koshary,코샤리,Koshary,EG,Koshary,,
ful-medames,풀 메담메스,Ful medames,EG,Ful medames,,
molokhia,물루키야,Molokhia,EG,Mulukhiyah,,
fatta,파타,Fatta,EG,Fatteh,레반트·이집트 공유,
om-ali,옴 알리,Om Ali,EG,Umm Ali,,
feteer-meshaltet,페티르 미샬티트,Feteer meshaltet,EG,Feteer meshaltet,,
couscous,쿠스쿠스,Couscous,MA,Couscous,마그레브 전역,
tagine,타진,Tagine,MA,Tajine,,
harira,하리라,Harira,MA,Harira,,
pastilla,파스티야,Pastilla,MA,Pastilla,,
msemen,므세멘,Msemen,MA,Msemen,,
zaalouk,잘룩,Zaalouk,MA,Zaalouk,,
injera,인제라,Injera,ET,Injera,에리트레아와 공유,Y
doro-wat,도로 왓,Doro wat,ET,Doro wat,,
shiro,시로,Shiro,ET,Shiro (food),,
kitfo,킷포,Kitfo,ET,Kitfo,,
tibs,팁스,Tibs,ET,Tibs,,
genfo,겐포,Genfo,ET,Genfo,,
bobotie,보보티,Bobotie,ZA,Bobotie,,
bunny-chow,버니 차우,Bunny chow,ZA,Bunny chow,,
biltong,빌통,Biltong,ZA,Biltong,,
boerewors,부어보스,Boerewors,ZA,Boerewors,,
chakalaka,차칼라카,Chakalaka,ZA,Chakalaka,,
malva-pudding,말바 푸딩,Malva pudding,ZA,Malva pudding,,
taco,타코,Taco,MX,Taco,,
mole,몰레,Mole,MX,Mole (sauce),,
tamale,타말레,Tamale,MX,Tamale,,
pozole,포솔레,Pozole,MX,Pozole,,
chiles-en-nogada,칠레스 엔 노가다,Chiles en nogada,MX,Chiles en nogada,,
guacamole,과카몰레,Guacamole,MX,Guacamole,,
hamburger,햄버거,Hamburger,US,Hamburger,독일 이민자 영향,
gumbo,검보,Gumbo,US,Gumbo,,
clam-chowder,클램 차우더,Clam chowder,US,Clam chowder,,
apple-pie,애플파이,Apple pie,US,Apple pie,영국 기원,
buffalo-wings,버펄로 윙,Buffalo wings,US,Buffalo wing,,
macaroni-and-cheese,맥앤치즈,Macaroni and cheese,US,Macaroni and cheese,영국 기원설,
ceviche,세비체,Ceviche,PE,Ceviche,중남미 태평양 연안 공유,Y
lomo-saltado,로모 살타도,Lomo saltado,PE,Lomo saltado,중국계 이민 영향,
aji-de-gallina,아히 데 가이나,Aji de gallina,PE,Ají de gallina,,
anticuchos,안티쿠초,Anticuchos,PE,Anticucho,,
papa-a-la-huancaina,파파 아 라 우안카이나,Papa a la huancaína,PE,Papa a la Huancaína,,
pachamanca,파차망카,Pachamanca,PE,Pachamanca,안데스 지역 공유,
saltena,살테냐,Salteña,BO,Salteña,,Y
silpancho,실판초,Silpancho,BO,Silpancho,,
pique-a-lo-macho,피케 아 로 마초,Pique a lo macho,BO,Pique macho,,
sopa-de-mani,소파 데 마니,Sopa de maní,BO,es:Sopa de maní (Bolivia),,
majadito,마하디토,Majadito,BO,es:Majadito,,
salchipapas,살치파파,Salchipapas,BO,Salchipapas,페루와 공유,
feijoada,페이조아다,Feijoada,BR,Feijoada,포르투갈 기원설,
pao-de-queijo,팡 지 케이주,Pão de queijo,BR,Pão de queijo,,
moqueca,모케카,Moqueca,BR,Moqueca,,
brigadeiro,브리가데이루,Brigadeiro,BR,Brigadeiro,,
coxinha,코시냐,Coxinha,BR,Coxinha,,
acai-na-tigela,아사이 볼,Açaí na tigela,BR,Açaí na tigela,,
asado,아사도,Asado,AR,Asado,남미 남부 공유,
empanada,엠파나다,Empanada,AR,Empanada,스페인·남미 전역,
chimichurri,치미추리,Chimichurri,AR,Chimichurri,,
dulce-de-leche,둘세 데 레체,Dulce de leche,AR,Dulce de leche,,
milanesa,밀라네사,Milanesa,AR,Milanesa,,
locro,로크로,Locro,AR,Locro,,
khuushuur,호쇼르,Khuushuur,MN,Khuushuur,,
beef-noodle-soup,우육면,Taiwanese beef noodle soup,TW,Taiwanese beef noodle soup,,
nasi-lemak,나시 르막,Nasi lemak,MY,Nasi lemak,,
hainanese-chicken-rice,하이난 치킨라이스,Hainanese chicken rice,SG,Hainanese chicken rice,중국 하이난 출신 이주민들이 고향의 원창 닭 요리를 바탕으로 만들었다고 알려져 있어요,
fish-amok,피시 아목,Fish amok,KH,Fish amok,,
larb,랍,Larb,LA,Larb,"라오스에서 비롯된 음식으로, 태국 동북부 이산 지방에서도 즐겨 먹어요",
mohinga,모힝가,Mohinga,MM,Mohinga,,
nihari,니하리,Nihari,PK,Nihari,,
shorshe-ilish,쇼르셰 일리시,Shorshe ilish,BD,Shorshe ilish,,
kottu,코투,Kottu,LK,Kottu,"스리랑카 동부에서 생겨났다고 알려져 있고, 남인도에는 비슷한 코투 파로타가 있어요",
ema-datshi,에마 다치,Ema datshi,BT,Ema datshi,,
mas-huni,마스 후니,Mas huni,MV,Mas huni,,
kabuli-palaw,카불리 팔라우,Kabuli palaw,AF,Kabuli palaw,,
beshbarmak,베시바르마크,Beshbarmak,KZ,Beshbarmak,"중앙아시아 여러 지역에서 먹는 음식으로, 지역마다 나린 등 다른 이름으로 불러요",
kuurdak,쿠르닥,Kuurdak,KG,Kuurdak,,
qurutob,쿠루톱,Qurutob,TJ,Qurutob,,
ishlekli,이슐레클리,Ishlekli,TM,Ishlykly,,
khorovats,호로바츠,Khorovats,AM,Khorovats,,
qutab,쿠탑,Qutab,AZ,Qutab,,
fish-and-chips,피시 앤드 칩스,Fish and chips,GB,Fish and chips,,
irish-stew,아이리시 스튜,Irish stew,IE,Irish stew,,
pastel-de-nata,파스텔 드 나타,Pastel de nata,PT,Pastel de nata,,
pretzel,프레첼,Pretzel,DE,Pretzel,,
stroopwafel,스트룹와플,Stroopwafel,NL,Stroopwafel,,
moules-frites,물 프리트,Moules-frites,BE,Moules-frites,,
cheese-fondue,치즈 퐁뒤,Cheese fondue,CH,Fondue,,
gravlax,그라블락스,Gravlax,SE,Gravlax,,
farikal,포리콜,Fårikål,NO,Fårikål,,
smorrebrod,스뫼레브뢰드,Smørrebrød,DK,Smørrebrød,,
karelian-pasty,카렐리아 파이,Karelian pasty,FI,Karelian pasty,,
skyr,스키르,Skyr,IS,Skyr,,
svickova,스비치코바,Svíčková,CZ,Svíčková,,
bryndzove-halusky,브린조베 할루슈키,Bryndzové halušky,SK,Bryndzové halušky,,
goulash,굴라시,Goulash,HU,Goulash,,
sarmale,사르말레,Sarmale,RO,fr:Sarmale,루마니아와 몰도바의 전통 음식이에요. 잎에 소를 싸는 비슷한 요리는 여러 나라에 있어요,
banitsa,바니차,Banitsa,BG,Banitsa,,
borscht,보르시,Borscht,UA,Borscht,"비트로 붉게 끓이는 보르시는 우크라이나에서 비롯된 것으로 알려져 있고, 동유럽 여러 나라에서 즐겨 먹어요",
pelmeni,펠메니,Pelmeni,RU,Pelmeni,,
cepelinai,체펠리나이,Cepelinai,LT,Cepelinai,,
grey-peas,회색 완두콩 요리,Grey peas with speck,LV,Grey peas,,
kama,카마,Kama,EE,Kama (food),,
cevapi,체바피,Ćevapi,RS,Ćevapi,"옛 유고슬라비아 지역에서 생겨난 음식으로, 보스니아 헤르체고비나와 세르비아 모두 국민 음식으로 꼽아요",
strukli,슈트루클리,Štrukli,HR,Štrukli,,
burek,부렉,Burek,BA,Burek,서아시아와 남동유럽에서 두루 만드는 뵈레크 계열 파이예요,
tave-kosi,타베 코시,Tavë kosi,AL,Tavë kosi,,
halloumi,할루미,Halloumi,CY,Halloumi,,
pastizz,파스티치,Pastizz,MT,Pastizz,,
sabich,사비흐,Sabich,IL,Sabich,이라크 유대인의 전통 아침 식사를 바탕으로 이스라엘에서 만들어졌어요,
mansaf,만사프,Mansaf,JO,Mansaf,,
kabsa,캅사,Kabsa,SA,Kabsa,"사우디아라비아 또는 예멘에서 비롯됐다고 하며, 걸프 지역 여러 나라가 국민 음식으로 꼽아요",
harees,하리스,Harees,AE,Harees,"걸프 지역 아랍 국가들에서 라마단에 즐겨 먹고, 아르메니아 등 여러 지역에도 있어요",
masgouf,마스구프,Masgouf,IQ,Masgouf,,
kibbeh-nayyeh,키베 나예,Kibbeh nayyeh,SY,Kibbeh nayyeh,,
saltah,살타,Saltah,YE,Saltah,,
shuwa,슈와,Shuwa,OM,Quzi,"양고기를 오래 익히는 쿠지 계열 요리로, 오만과 아랍에미리트에서는 슈와라고 부르며 명절에 땅속 화덕에서 익혀요",
brik,브리크,Brik,TN,Brik,,
chakhchoukha,차크추카,Chakhchoukha,DZ,Chakhchoukha,,
bazeen,바진,Bazeen,LY,Bazeen,,
kisra,키스라,Kisra,SD,Kisra,,
jollof-rice,졸로프 라이스,Jollof rice,NG,Jollof rice,"세네갈에서 비롯됐다고 알려져 있고, 서아프리카 지역마다 재료와 만드는 법이 달라요",
fufu,푸푸,Fufu,GH,Fufu,,
thieboudienne,체부젠,Thieboudienne,SN,Thieboudienne,,
attieke,아티에케,Attiéké,CI,Attiéké,,
tigadegena,티가데게나,Tigadéguéna,ML,Peanut stew,"서아프리카 땅콩 스튜 가운데 하나로, 세네갈의 마페와 혼동되기도 하지만 말리의 만딩카·밤바라 사람들에게서 비롯됐다고 해요",
ugali,우갈리,Ugali,KE,Ugali,아프리카 여러 나라에서 이름을 달리해 먹는 옥수수 가루 주식이에요,
mandazi,만다지,Mandazi,TZ,Mandazi,,
rolex-uganda,롤렉스,Rolex,UG,Rolex (food),,
isombe,이솜베,Isombe,RW,Isombe,,
zigni,지그니,Zigni,ER,Zigni,,
canjeero,캔제로,Canjeero,SO,Canjeero,,
ndole,은돌레,Ndolé,CM,Ndolé,,
moambe-chicken,모암베 치킨,Moambe chicken,CD,Moambe chicken,,
funge,푼즈,Funge,AO,Funge,"앙골라의 전통 주식으로, 콩고 지역 등에서도 비슷하게 먹어요",
matapa,마타파,Matapa,MZ,Matapa,,
sadza,사자,Sadza,ZW,fr:Sadza,"짐바브웨의 주식으로, 아프리카 곳곳에 이름이 다른 비슷한 음식이 있어요",
romazava,로마자바,Romazava,MG,Romazava,,
poutine,푸틴,Poutine,CA,Poutine,,
ropa-vieja,로파 비에하,Ropa vieja,CU,Ropa vieja,,
ackee-and-saltfish,아키 앤드 솔트피시,Ackee and saltfish,JM,Ackee and saltfish,,
mangu,망구,Mangú,DO,Mangú,,
griot,그리오,Griot,HT,Griot (food),,
doubles,더블스,Doubles,TT,Doubles (food),,
pepian,페피안,Pepián,GT,Pepián,,
pupusa,푸푸사,Pupusa,SV,Pupusa,,
baleada,발레아다,Baleada,HN,Baleada,,
gallo-pinto,가요 핀토,Gallo pinto,NI,Gallo pinto,니카라과와 코스타리카 모두 국민 음식으로 꼽아요,
casado,카사도,Casado,CR,Casado,,
sancocho,산코초,Sancocho,PA,Sancocho,,
bandeja-paisa,반데하 파이사,Bandeja paisa,CO,Bandeja paisa,,
arepa,아레파,Arepa,VE,Arepa,베네수엘라와 콜롬비아가 함께 즐기는 옥수수빵이에요,
encebollado,엔세보야도,Encebollado,EC,Encebollado,,
pastel-de-choclo,파스텔 데 초클로,Pastel de choclo,CL,Pastel de choclo,,
chivito,치비토,Chivito,UY,Chivito (sandwich),,
chipa,치파,Chipa,PY,Chipa,,
lamington,래밍턴,Lamington,AU,Lamington,,
hangi,항이,Hāngī,NZ,Hāngī,,
kokoda,코코다,Kokoda,FJ,'Ota 'ika,"날생선을 시트러스 즙과 코코넛 밀크에 재우는 요리는 태평양 여러 섬에 있고, 피지에서는 코코다라고 불러요",
mumu,무무,Mumu,PG,Earth oven,파푸아뉴기니에서 땅속 화덕과 그 화덕으로 익힌 음식을 부르는 이름이에요. 땅속 화덕 요리는 태평양 여러 섬에 있어요,
palusami,팔루사미,Palusami,WS,Palusami,,
otai,오타이,ʻOtai,TO,'otai,"통가 요리로 가장 잘 알려져 있고, 사모아 등 폴리네시아 여러 섬에도 비슷한 음료가 있어요",
balaleet,발랄리트,Balaleet,QA,Balaleet,보충: 위키 데이터가 적은 나라의 대표 음식 (사람 지정),
tharid,타리드,Tharid,QA,Tharid,보충: 위키 데이터가 적은 나라의 대표 음식 (사람 지정),
sago-soup,사고 수프,Sago soup,PG,Sago soup,보충: 위키 데이터가 적은 나라의 대표 음식 (사람 지정),
dovi,도비,Dovi,ZW,Dovi,보충: 위키 데이터가 적은 나라의 대표 음식 (사람 지정),
nasi-katok,나시 카톡,Nasi katok,BN,Nasi katok,보충: 위키 데이터가 적은 나라의 대표 음식 (사람 지정),
kelupis,클루피스,Kelupis,BN,Kelupis,보충: 위키 데이터가 적은 나라의 대표 음식 (사람 지정),
acheke,아체케,Acheke,CI,Acheke,보충: 위키 데이터가 적은 나라의 대표 음식 (사람 지정),
carimanola,카리마뇰라,Carimañola,PA,Carimañola,보충: 위키 데이터가 적은 나라의 대표 음식 (사람 지정),
pepperpot,페퍼팟,Pepperpot,GY,Guyanese pepperpot,보충: 위키 데이터가 적은 나라의 대표 음식 (사람 지정),
canja-de-galinha,캉자 드 갈리냐,Canja de galinha,CV,Canja de galinha,보충: 위키 데이터가 적은 나라의 대표 음식 (사람 지정),
fakou,파쿠,Fakou,ML,Fakou,보충: 위키 데이터가 적은 나라의 대표 음식 (사람 지정),
asida,아시다,Asida,SD,Asida,보충: 위키 데이터가 적은 나라의 대표 음식 (사람 지정),
saleeg,살리그,Saleeg,SA,Saleeg,보충: 위키 데이터가 적은 나라의 대표 음식 (사람 지정),
sopa-de-caracol,소파 데 카라콜,Sopa de Caracol,HN,Sopa de Caracol,보충: 위키 데이터가 적은 나라의 대표 음식 (사람 지정),
chamucas,샤무사,Chamuças,CV,Chamuças,"나라별 최소 5개 보강 (수동, 위키백과 확인)",
qaz,카지,Qazı,KZ,Qazı,"나라별 최소 5개 보강 (수동, 위키백과 확인)",
pirozhki,피로슈키,Pirozhki,TJ,Pirozhki,"나라별 최소 5개 보강 (수동, 위키백과 확인)",
sukuma-wiki,수쿠마 위키,Sukuma wiki,KE,Sukuma wiki,"나라별 최소 5개 보강 (수동, 위키백과 확인)",
jocon,호콘,Jocón,GT,Jocón,"나라별 최소 5개 보강 (수동, 위키백과 확인)",
knafeh,크나페,Knafeh,JO,Knafeh,"나라별 최소 5개 보강 (수동, 위키백과 확인)",
to,토,Tô,ML,Tô,"나라별 최소 5개 보강 (수동, 위키백과 확인)",
jala,잘라,Jala,BN,Jala (kuih),"나라별 최소 5개 보강 (수동, 위키백과 확인)",
dotori-muk,도토리묵,Dotori-muk,KP,Dotori-muk,"나라별 최소 5개 보강 (수동, 위키백과 확인)",
kachumbari,카춤바리,Kachumbari,TZ,Kachumbari,"나라별 최소 5개 보강 (수동, 위키백과 확인)",
chilate,칠라테,Chilate,SV,Chilate,"나라별 최소 5개 보강 (수동, 위키백과 확인)",
ablo,아블로,Ablo,BJ,Ablo,"나라별 최소 5개 보강 (수동, 위키백과 확인)",
berbere,베르베레,Berbere,ER,Berbere,"나라별 최소 5개 보강 (수동, 위키백과 확인)",
tapado,타파도,Tapado,HN,Tapado,"나라별 최소 5개 보강 (수동, 위키백과 확인)",
sopa-de-mondongo,소파 데 몬동고,Sopa de mondongo,HN,Sopa de mondongo,"나라별 최소 5개 보강 (수동, 위키백과 확인)",
butter-tea,수자(버터차),Butter tea,BT,Butter tea,"나라별 최소 5개 보강 (수동, 위키백과 확인)",
momo-bt,모모,Momo,BT,Momo,"나라별 최소 5개 보강 (수동, 위키백과 확인)",
ma-amoul,마아물,Ma'amoul,SA,Ma'amoul,"나라별 최소 5개 보강 (수동, 위키백과 확인)",
chambo,참보,Chambo,MW,Chambo,"나라별 최소 5개 보강 (수동, 위키백과 확인)",
tostones,토스토네스,Tostones,CR,Tostones,"나라별 최소 5개 보강 (수동, 위키백과 확인)",
alloco,알로코,Alloco,CI,Alloco,"나라별 최소 5개 보강 (수동, 위키백과 확인)",
kamounia,카무니아,Kamounia,SD,Kamounia,"나라별 최소 5개 보강 (수동, 위키백과 확인)",
gurasa,구라사,Gurasa,SD,Gurasa,"나라별 최소 5개 보강 (수동, 위키백과 확인)",
fry-jack,프라이 잭,Fry jack,BZ,Fry jack,"나라별 최소 5개 보강 (수동, 위키백과 확인)",
duckanoo,더카누,Duckanoo,BZ,Duckanoo,"나라별 최소 5개 보강 (수동, 위키백과 확인)",
cabbage-roll,사르말레,Cabbage roll,MD,Cabbage roll,"나라별 최소 5개 보강 (수동, 위키백과 확인)",
kaukau,카우카우,Kaukau,PG,Kaukau,"나라별 최소 5개 보강 (수동, 위키백과 확인)",
sago,사고,Sago,PG,Sago,"나라별 최소 5개 보강 (수동, 위키백과 확인)",
mumu-pg,무무,Mumu,PG,Mumu,"나라별 최소 5개 보강 (수동, 위키백과 확인)",
chicheme,치체메,Chicheme,PA,Chicheme,"나라별 최소 5개 보강 (수동, 위키백과 확인)",
cocada,코카다,Cocada,PA,Cocada,"나라별 최소 5개 보강 (수동, 위키백과 확인)",
manjar-blanco,만하르 블랑코,Manjar blanco,PA,Manjar blanco,"나라별 최소 5개 보강 (수동, 위키백과 확인)",
gutab,구타브,Gutab,TM,Gutab,"나라별 최소 5개 보강 (수동, 위키백과 확인)",
shuwa-om,슈와,Shuwa,OM,Shuwa,"나라별 최소 5개 보강 (수동, 위키백과 확인)",
arabic-coffee,오만 카와,Arabic coffee,OM,Arabic coffee,"나라별 최소 5개 보강 (수동, 위키백과 확인)",
halva,오만 할와,Halva,OM,Halva,"나라별 최소 5개 보강 (수동, 위키백과 확인)",
dal-puri,달 푸리,Dal puri,GY,Dal puri,"나라별 최소 5개 보강 (수동, 위키백과 확인)",
mauby,모비,Mauby,GY,Mauby,"나라별 최소 5개 보강 (수동, 위키백과 확인)",
garlic-pork,갈릭 포크,Garlic pork,GY,Garlic pork,"나라별 최소 5개 보강 (수동, 위키백과 확인)",
chabab,차바브,Chabab,AE,Chabab,"나라별 최소 5개 보강 (수동, 위키백과 확인)",
piri-piri,피리피리,Piri piri,MZ,Piri piri,"나라별 최소 5개 보강 (수동, 위키백과 확인)",
shrimp-curry,새우 카레,Shrimp curry,MZ,Shrimp curry,"나라별 최소 5개 보강 (수동, 위키백과 확인)",
xima,시마,Xima,MZ,Xima,"나라별 최소 5개 보강 (수동, 위키백과 확인)",
mahyawa,마흐야와,Mahyawa,QA,Mahyawa,"나라별 최소 5개 보강 (수동, 위키백과 확인)",
koko-samoa,코코 사모아,Koko Samoa,WS,Koko Samoa,"나라별 최소 5개 보강 (수동, 위키백과 확인)",
miti-hue,미티 후에,Miti hue,WS,Miti hue,"나라별 최소 5개 보강 (수동, 위키백과 확인)",
sapasui,사파수이,Sapasui,WS,Sapasui,"나라별 최소 5개 보강 (수동, 위키백과 확인)",
mageu,마헤우,Mageu,ZW,Mageu,"나라별 최소 5개 보강 (수동, 위키백과 확인)",
mopane-worm,모파네 애벌레,Mopane worm,ZW,Mopane worm,"나라별 최소 5개 보강 (수동, 위키백과 확인)",
kapenta,카펜타,Kapenta,ZW,Kapenta,"나라별 최소 5개 보강 (수동, 위키백과 확인)",
chikwangue,치콴게,Chikwangue,CD,Chikwangue,"나라별 최소 5개 보강 (수동, 위키백과 확인)",
saka-saka,사카사카,Saka-saka,CD,Saka-saka,"나라별 최소 5개 보강 (수동, 위키백과 확인)",
munkoyo,문코요,Munkoyo,ZM,Munkoyo,"나라별 최소 5개 보강 (수동, 위키백과 확인)",
peanut-soup,땅콩 수프,Peanut soup,SR,Peanut soup,"나라별 최소 5개 보강 (수동, 위키백과 확인)",
roti-sr,로티,Roti,SR,Roti,"나라별 최소 5개 보강 (수동, 위키백과 확인)",
salted-duck-egg,소금 오리알,Salted duck egg,SR,Salted duck egg,"나라별 최소 5개 보강 (수동, 위키백과 확인)",
kokoda-fj,코코다,Kokoda,FJ,Kokoda,"나라별 최소 5개 보강 (수동, 위키백과 확인)",
kava,카바,Kava,FJ,Kava,"나라별 최소 5개 보강 (수동, 위키백과 확인)",
dal,피지 달,Dal,FJ,Dal,"나라별 최소 5개 보강 (수동, 위키백과 확인)",
cou-cou,쿠쿠,Cou-cou,BB,Cou-cou,"나라별 최소 5개 보강 (수동, 위키백과 확인)",
conkie,콘키,Conkie,BB,Conkie,"나라별 최소 5개 보강 (수동, 위키백과 확인)",
macaroni-pie,마카로니 파이,Macaroni pie,BB,Macaroni pie,"나라별 최소 5개 보강 (수동, 위키백과 확인)",
souse,사우스,Souse,BB,Souse,"나라별 최소 5개 보강 (수동, 위키백과 확인)",
kacamak,카차마크,Kačamak,ME,Kačamak,"나라별 최소 5개 보강 (수동, 위키백과 확인)",
kaymak,카이마크,Kaymak,ME,Kaymak,"나라별 최소 5개 보강 (수동, 위키백과 확인)",
krofne,크로프네,Krofne,ME,Krofne,"나라별 최소 5개 보강 (수동, 위키백과 확인)",
ajvar,아이바르,Ajvar,ME,Ajvar,"나라별 최소 5개 보강 (수동, 위키백과 확인)",
daube,도브,Daube,MU,Daube,"나라별 최소 5개 보강 (수동, 위키백과 확인)",
haleem,할림,Haleem,MU,Haleem,"나라별 최소 5개 보강 (수동, 위키백과 확인)",
fish-ball,피시볼,Fish ball,MU,Fish ball,"나라별 최소 5개 보강 (수동, 위키백과 확인)",
bread-pakora,브레드 파코라,Bread pakora,MU,Bread pakora,"나라별 최소 5개 보강 (수동, 위키백과 확인)",
sambaza,삼바자,Sambaza,RW,Sambaza,"나라별 최소 5개 보강 (수동, 위키백과 확인)",
brochette,브로셰트,Brochette,RW,Brochette,"나라별 최소 5개 보강 (수동, 위키백과 확인)",
mutabbaq-samak,무탑바크 사막,Mutabbaq samak,KW,Mutabbaq samak,"나라별 최소 5개 보강 (수동, 위키백과 확인)",
maqluba,마클루바,Maqluba,KW,Maqluba,"나라별 최소 5개 보강 (수동, 위키백과 확인)",
jalebi,잘라비아,Jalebi,KW,Jalebi,"나라별 최소 5개 보강 (수동, 위키백과 확인)",
umu,우무,Umu,TO,Umu,"나라별 최소 5개 보강 (수동, 위키백과 확인)",
mutton-flaps,머튼 플랩,Mutton flaps,TO,Mutton flaps,"나라별 최소 5개 보강 (수동, 위키백과 확인)",
dubai-chocolate,두바이 초콜릿,Dubai chocolate,AE,Dubai chocolate,"자동 후보 (원산지 P495, 언어판 33)",
kashk,카슈크,Kashk,AF,Kashk,"자동 후보 (원산지 P495, 언어판 32)",
kabuli-pulao,카불리 팔라우,Kabuli pulao,AF,Kabuli pulao,"자동 후보 (원산지 P495, 언어판 27)",
afghan-salad,아프간 샐러드,Afghan salad,AF,Afghan salad,"자동 후보 (원산지 P495, 언어판 16)",
bolani,볼라니,Bolani,AF,Bolani,"자동 후보 (원산지 P495, 언어판 15)",
nisholda,니숄다,Nisholda,AF,Nisholda,"자동 후보 (원산지 P495, 언어판 15)",
gosh-e-fil,고셰 필,Gosh-e fil,AF,Gosh-e fil,"자동 후보 (원산지 P495, 언어판 12)",
afghani-burger,아프간 버거,Afghani burger,AF,Afghani burger,"자동 후보 (원산지 P495, 언어판 10)",
talkhan,탈칸,Talkhan,AF,Talkhan,"자동 후보 (원산지 P495, 언어판 9)",
shir-berenj,시르 베렌즈,Shir Berenj,AF,Shir Berenj,"자동 후보 (원산지 P495, 언어판 5)",
malida,말리다,Malida,AF,Malida,"자동 후보 (원산지 P495, 언어판 3)",
ballokume,발로쿠메,Ballokume,AL,Ballokume,"자동 후보 (원산지 P495, 언어판 21)",
kabuni,카부니,Kabuni,AL,Kabuni,"자동 후보 (원산지 P495, 언어판 3)",
flia,플리아,Flia,AL,Flia,"자동 후보 (분류 Albanian cuisine, 언어판 26)",
fergese,퍼르게세,Fërgesë,AL,Fërgesë,"자동 후보 (분류 Albanian cuisine, 언어판 6)",
lakror,라크로르,Lakror,AL,Lakror,"자동 후보 (분류 Albanian cuisine, 언어판 6)",
lavash,라바시,Lavash,AM,Lavash,"자동 후보 (원산지 P495, 언어판 62)",
dolma,돌마,Dolma,AM,Dolma,"자동 후보 (원산지 P495, 언어판 57)",
shish-kebab,시시 케밥,Shish kebab,AM,Shish kebab,"자동 후보 (원산지 P495, 언어판 30)",
ajapsandali,아자프산달리,Ajapsandali,AM,Ajapsandali,"자동 후보 (원산지 P495, 언어판 24)",
ghapama,하파마,Ghapama,AM,Ghapama,"자동 후보 (원산지 P495, 언어판 24)",
matnakash,마트나카시,Matnakash,AM,Matnakash,"자동 후보 (원산지 P495, 언어판 23)",
gata,가타,Gata,AM,Gata (food),"자동 후보 (원산지 P495, 언어판 20)",
tsoureki,추레키,Tsoureki,AM,Tsoureki,"자동 후보 (원산지 P495, 언어판 18)",
motal,모탈 치즈,Motal,AM,Motal (cheese),"자동 후보 (원산지 P495, 언어판 9)",
nazook,나주크,Nazook,AM,Nazook,"자동 후보 (원산지 P495, 언어판 9)",
boraki,보라키,Boraki,AM,Boraki,"자동 후보 (원산지 P495, 언어판 7)",
khashlama,하슐라마,Khashlama,AM,Khashlama,"자동 후보 (원산지 P495, 언어판 7)",
eetch,에치,Eetch,AM,Eetch,"자동 후보 (원산지 P495, 언어판 5)",
alani,알라니,Alani,AM,Alani (dried fruit),"자동 후보 (원산지 P495, 언어판 4)",
bagharj,바가르지,Bagharj,AM,Bagharj,"자동 후보 (원산지 P495, 언어판 3)",
zhingyalov-hats,진갈로브 하츠,Zhingyalov hats,AM,Zhingyalov hats,"자동 후보 (분류 Armenian cuisine, 언어판 18)",
spas,스파스,Spas,AM,Spas (soup),"자동 후보 (분류 Armenian cuisine, 언어판 7)",
tjvjik,티브지크,Tjvjik,AM,Tjvjik (food),"자동 후보 (분류 Armenian cuisine, 언어판 7)",
topik,토피크,Topik,AM,Topik,"자동 후보 (분류 Armenian cuisine, 언어판 5)",
mikado-cake,미카도 케이크,Mikado cake,AM,Mikado cake,"자동 후보 (분류 Armenian cuisine, 언어판 3)",
arganak,아르가나크,Arganak,AM,Arganak,"자동 후보 (분류 Armenian cuisine, 언어판 2)",
cocada-amarela,코카다 아마렐라,Cocada amarela,AO,Cocada amarela,"자동 후보 (원산지 P495, 언어판 9)",
kissuto-rombo,키수투 롬부,Kissuto rombo,AO,Kissuto rombo,"자동 후보 (원산지 P495, 언어판 2)",
calulu,칼룰루,Calulu,AO,Calulu,"자동 후보 (분류 Angolan cuisine, 언어판 10)",
veal-milanese,밀라네사,Veal Milanese,AR,Veal Milanese,"자동 후보 (원산지 P495, 언어판 18)",
choripan,초리판,Choripán,AR,Choripán,"자동 후보 (원산지 P495, 언어판 14)",
fugazza,푸가사,Fugazza,AR,Fugazza,"자동 후보 (원산지 P495, 언어판 10)",
provoleta,프로볼레타,Provoleta,AR,Provoleta,"자동 후보 (원산지 P495, 언어판 8)",
cabrito,카브리토,Cabrito,AR,Cabrito,"자동 후보 (원산지 P495, 언어판 7)",
sardo,사르도 치즈,Sardo,AR,Sardo,"자동 후보 (원산지 P495, 언어판 7)",
reggianito,레자니토,Reggianito,AR,Reggianito,"자동 후보 (원산지 P495, 언어판 6)",
argentine-pizza,아르헨티나식 피자,Argentine pizza,AR,Argentine pizza,"자동 후보 (원산지 P495, 언어판 5)",
chocotorta,초코토르타,Chocotorta,AR,Chocotorta,"자동 후보 (원산지 P495, 언어판 5)",
revuelto-gramajo,레부엘토 그라마호,Revuelto Gramajo,AR,Revuelto Gramajo,"자동 후보 (원산지 P495, 언어판 5)",
sorrentinos,소렌티노,Sorrentinos,AR,Sorrentinos,"자동 후보 (원산지 P495, 언어판 5)",
pebete,페베테,Pebete,AR,Pebete,"자동 후보 (원산지 P495, 언어판 4)",
argentine-cheese,아르헨티나 치즈,Argentine cheese,AR,Argentine cheese,"자동 후보 (원산지 P495, 언어판 3)",
cremoso-cheese,크레모소 치즈,Cremoso cheese,AR,Cremoso cheese,"자동 후보 (원산지 P495, 언어판 3)",
imperial-ruso,임페리알 루소,Imperial ruso,AR,Imperial ruso,"자동 후보 (원산지 P495, 언어판 3)",
argentine-beef,아르헨티나 소고기,Argentine beef,AR,Argentine beef,"자동 후보 (원산지 P495, 언어판 2)",
cremona,크레모나,Cremona,AR,Cremona (bread),"자동 후보 (원산지 P495, 언어판 2)",
nino-envuelto,니뇨 엔부엘토,Niño envuelto,AR,Niño envuelto,"자동 후보 (원산지 P495, 언어판 2)",
patay,파타이,Patay,AR,Patay (cake),"자동 후보 (원산지 P495, 언어판 2)",
pollo-al-disco,포요 알 디스코,Pollo al disco,AR,Pollo al disco,"자동 후보 (원산지 P495, 언어판 2)",
bondiola-sandwich,본디올라 샌드위치,Bondiola sandwich,AR,Bondiola sandwich,"자동 후보 (분류 Argentine cuisine, 언어판 8)",
strudel,슈트루델,Strudel,AT,Strudel,"자동 후보 (원산지 P495, 언어판 54)",
vienna-sausage,비엔나소시지,Vienna sausage,AT,Vienna sausage,"자동 후보 (원산지 P495, 언어판 49)",
knodel,크뇌델,Knödel,AT,Knödel,"자동 후보 (원산지 P495, 언어판 42)",
schnitzel,슈니첼,Schnitzel,AT,Schnitzel,"자동 후보 (원산지 P495, 언어판 37)",
mozartkugel,모차르트쿠겔,Mozartkugel,AT,Mozartkugel,"자동 후보 (원산지 P495, 언어판 34)",
kifli,킵펠,Kifli,AT,Kifli,"자동 후보 (원산지 P495, 언어판 32)",
linzertorte,린처 토르테,Linzertorte,AT,Linzertorte,"자동 후보 (원산지 P495, 언어판 26)",
kaiser-roll,카이저 롤,Kaiser roll,AT,Kaiser roll,"자동 후보 (원산지 P495, 언어판 24)",
vanillekipferl,바닐레킵펠,Vanillekipferl,AT,Vanillekipferl,"자동 후보 (원산지 P495, 언어판 24)",
wiener-melange,비너 멜랑주,Wiener Melange,AT,Wiener Melange,"자동 후보 (원산지 P495, 언어판 22)",
vienna-bread,비엔나 빵,Vienna bread,AT,Vienna bread,"자동 후보 (원산지 P495, 언어판 21)",
salzburger-nockerl,잘츠부르크 노케를,Salzburger Nockerl,AT,Salzburger Nockerl,"자동 후보 (원산지 P495, 언어판 19)",
semmelknodel,제멜크뇌델,Semmelknödel,AT,Semmelknödel,"자동 후보 (원산지 P495, 언어판 19)",
debrecener,데브레첸 소시지,Debrecener,AT,Debrecener,"자동 후보 (원산지 P495, 언어판 17)",
punschkrapfen,푼슈크라펜,Punschkrapfen,AT,Punschkrapfen,"자동 후보 (원산지 P495, 언어판 15)",
bosna,보스나,Bosna,AT,Bosna (dish),"자동 후보 (원산지 P495, 언어판 14)",
leberknodel,레버크뇌델,Leberknödel,AT,Leberknödel,"자동 후보 (원산지 P495, 언어판 14)",
kartoffelkase,카르토펠케제,Kartoffelkäse,AT,Kartoffelkäse,"자동 후보 (원산지 P495, 언어판 13)",
neapolitan-wafer,나폴리 웨이퍼,Neapolitan wafer,AT,Neapolitan wafer,"자동 후보 (원산지 P495, 언어판 13)",
marillenknodel,마릴렌크뇌델,Marillenknödel,AT,Marillenknödel,"자동 후보 (원산지 P495, 언어판 12)",
kasekrainer,케제크라이너,Käsekrainer,AT,Käsekrainer,"자동 후보 (원산지 P495, 언어판 11)",
schaumrolle,샤움롤레,Schaumrolle,AT,Schaumrolle,"자동 후보 (원산지 P495, 언어판 11)",
allerheiligenstriezel,알러하일리겐슈트리첼,Allerheiligenstriezel,AT,Allerheiligenstriezel,"자동 후보 (원산지 P495, 언어판 10)",
egg-puffs-and-soup-pearls,수프 진주,Egg puffs and soup pearls,AT,Egg puffs and soup pearls,"자동 후보 (원산지 P495, 언어판 10)",
kniekuchle,크니퀴흘레,Knieküchle,AT,Knieküchle,"자동 후보 (원산지 P495, 언어판 10)",
milk-cream-strudel,우유 크림 슈트루델,Milk-cream strudel,AT,Milk-cream strudel,"자동 후보 (원산지 P495, 언어판 10)",
mohnnudel,몬누델,Mohnnudel,AT,Mohnnudel,"자동 후보 (원산지 P495, 언어판 10)",
frog-cake,개구리 케이크,Frog cake,AU,Frog cake,"자동 후보 (원산지 P495, 언어판 21)",
anzac-biscuit,앤잭 비스킷,Anzac biscuit,AU,Anzac biscuit,"자동 후보 (원산지 P495, 언어판 19)",
damper,댐퍼,Damper,AU,Damper (food),"자동 후보 (원산지 P495, 언어판 14)",
fairy-bread,페어리 브레드,Fairy bread,AU,Fairy bread,"자동 후보 (원산지 P495, 언어판 12)",
halal-snack-pack,할랄 스낵 팩,Halal snack pack,AU,Halal snack pack,"자동 후보 (원산지 P495, 언어판 11)",
pie-floater,파이 플로터,Pie floater,AU,Pie floater,"자동 후보 (원산지 P495, 언어판 8)",
rocky-road,로키 로드,Rocky road,AU,Rocky road (dessert),"자동 후보 (원산지 P495, 언어판 8)",
bush-bread,부시 브레드,Bush bread,AU,Bush bread,"자동 후보 (원산지 P495, 언어판 7)",
chocolate-crackles,초콜릿 크래클,Chocolate crackles,AU,Chocolate crackles,"자동 후보 (원산지 P495, 언어판 7)",
cruffin,크러핀,Cruffin,AU,Cruffin,"자동 후보 (원산지 P495, 언어판 7)",
hamdog,햄도그,Hamdog,AU,Hamdog,"자동 후보 (원산지 P495, 언어판 7)",
white-christmas,화이트 크리스마스,White Christmas,AU,White Christmas (food),"자동 후보 (원산지 P495, 언어판 7)",
kitchener-bun,키치너 번,Kitchener bun,AU,Kitchener bun,"자동 후보 (원산지 P495, 언어판 5)",
boston-bun,보스턴 번,Boston bun,AU,Boston bun,"자동 후보 (원산지 P495, 언어판 4)",
cheesymite-scroll,치지마이트 스크롤,Cheesymite scroll,AU,Cheesymite scroll,"자동 후보 (원산지 P495, 언어판 4)",
neenish-tart,니니시 타르트,Neenish tart,AU,Neenish tart,"자동 후보 (원산지 P495, 언어판 4)",
prawn-roll,프라운 롤,Prawn roll,AU,Prawn roll,"자동 후보 (원산지 P495, 언어판 4)",
cheese-slaw,치즈 슬로,Cheese slaw,AU,Cheese slaw,"자동 후보 (원산지 P495, 언어판 3)",
sausage-sizzle,소시지 시즐,Sausage sizzle,AU,Sausage sizzle,"자동 후보 (원산지 P495, 언어판 3)",
choc-top,촉톱,Choc-top,AU,Choc-top,"자동 후보 (원산지 P495, 언어판 2)",
dim-sim,딤심,Dim sim,AU,Dim sim,"자동 후보 (원산지 P495, 언어판 2)",
flake,플레이크,Flake,AU,Flake (fish),"자동 후보 (원산지 P495, 언어판 2)",
fruit-tingles,프루트 팅글스,Fruit Tingles,AU,Fruit Tingles,"자동 후보 (원산지 P495, 언어판 2)",
patties-pie,패티스 파이,Patties pie,AU,Patties pie,"자동 후보 (원산지 P495, 언어판 2)",
steak-sandwich,스테이크 샌드위치,Steak sandwich,AU,Steak sandwich (Australia),"자동 후보 (원산지 P495, 언어판 2)",
toobs,투브스,Toobs,AU,Toobs,"자동 후보 (원산지 P495, 언어판 2)",
wagon-wheels,왜건 휠스,Wagon Wheels,AU,Wagon Wheels,"자동 후보 (원산지 P495, 언어판 2)",
ketchup,케첩,Ketchup,AU,Ketchup,"자동 후보 (분류 Australian cuisine, 언어판 91)",
coconut-oil,코코넛기름,Coconut oil,AU,Coconut oil,"자동 후보 (분류 Australian cuisine, 언어판 65)",
bushmeat,부시미트,Bushmeat,AU,Bushmeat,"자동 후보 (분류 Australian cuisine, 언어판 30)",
kangaroo-meat,캥거루고기,Kangaroo meat,AU,Kangaroo meat,"자동 후보 (분류 Australian cuisine, 언어판 21)",
surf-and-turf,서프 앤드 터프,Surf and turf,AU,Surf and turf,"자동 후보 (분류 Australian cuisine, 언어판 15)",
abalone,전복,Abalone,AU,Abalone,"자동 후보 (분류 Australian cuisine, 언어판 14)",
piti,피티,Piti,AZ,Piti (food),"자동 후보 (원산지 P495, 언어판 26)",
aush,아우시,Aush,AZ,Aush,"자동 후보 (원산지 P495, 언어판 25)",
kuku,쿠쿠,Kuku,AZ,Kuku (food),"자동 후보 (원산지 P495, 언어판 24)",
dovga,도브가,Dovga,AZ,Dovga,"자동 후보 (원산지 P495, 언어판 21)",
shekerbura,섀캐르부라,Shekerbura,AZ,Shekerbura,"자동 후보 (원산지 P495, 언어판 19)",
lula-kebab,룰라 케밥,Lula kebab,AZ,Lula kebab,"자동 후보 (원산지 P495, 언어판 17)",
bozbash,보즈바시,Bozbash,AZ,Bozbash,"자동 후보 (원산지 P495, 언어판 15)",
chigirtma,치기르트마,Chigirtma,AZ,Chigirtma,"자동 후보 (원산지 P495, 언어판 12)",
sheki-halva,셰키 할바,Sheki halva,AZ,Sheki halva,"자동 후보 (원산지 P495, 언어판 9)",
badambura,바담부라,Badambura,AZ,Badambura,"자동 후보 (원산지 P495, 언어판 7)",
qovurma,고부르마,Qovurma,AZ,Qovurma,"자동 후보 (원산지 P495, 언어판 7)",
bosnian-pot,보산스키 로나츠,Bosnian pot,BA,Bosnian pot,"자동 후보 (원산지 P495, 언어판 19)",
tufahije,투파히예,Tufahije,BA,Tufahije,"자동 후보 (원산지 P495, 언어판 19)",
livno-cheese,리브노 치즈,Livno cheese,BA,Livno cheese,"자동 후보 (원산지 P495, 언어판 17)",
ruske-kape,루스케 카페,Ruske kape,BA,Ruske kape,"자동 후보 (원산지 P495, 언어판 11)",
vlasic-cheese,블라시치 치즈,Vlašić cheese,BA,Vlašić cheese,"자동 후보 (원산지 P495, 언어판 10)",
ustipci,우시티프치,Uštipci,BA,Uštipci,"자동 후보 (원산지 P495, 언어판 9)",
bey-s-soup,베고바 초르바,Bey's soup,BA,Bey's soup,"자동 후보 (분류 Bosnia and Herzegovina cuisine, 언어판 5)",
brown-stew-chicken,브라운 스튜 치킨,Brown stew chicken,BB,Brown stew chicken,"자동 후보 (원산지 P495, 언어판 4)",
panch-phoron,판치 포론,Panch phoron,BD,Panch phoron,"자동 후보 (원산지 P495, 언어판 17)",
sandesh,산데시,Sandesh,BD,Sandesh (confectionery),"자동 후보 (원산지 P495, 언어판 15)",
pithali,피탈리,Pithali,BD,Pithali,"자동 후보 (원산지 P495, 언어판 14)",
borhani,보르하니,Borhani,BD,Borhani,"자동 후보 (원산지 P495, 언어판 9)",
soft-khichuri,키추리,Soft Khichuri,BD,Soft Khichuri,"자동 후보 (원산지 P495, 언어판 9)",
aloo-chokha,알루 초카,Aloo chokha,BD,Aloo chokha,"자동 후보 (원산지 P495, 언어판 8)",
kala-bhuna,칼라 부나,Kala Bhuna,BD,Kala Bhuna,"자동 후보 (원산지 P495, 언어판 8)",
chotpoti,촛포티,Chotpoti,BD,Chotpoti,"자동 후보 (원산지 P495, 언어판 6)",
sunga-pitha,숭아 피타,Sunga pitha,BD,Sunga pitha,"자동 후보 (원산지 P495, 언어판 6)",
bogurar-doi,보그라 도이,Bogurar doi,BD,Bogurar doi,"자동 후보 (원산지 P495, 언어판 5)",
chitoi-pitha,치토이 피타,Chitoi pitha,BD,Chitoi pitha,"자동 후보 (원산지 P495, 언어판 5)",
durus-kura,두루스 쿠라,Durus kura,BD,Durus kura,"자동 후보 (원산지 P495, 언어판 4)",
duck-bamboo-curry,오리 죽순 커리,Duck bamboo curry,BD,Duck bamboo curry,"자동 후보 (원산지 P495, 언어판 3)",
satkara-beef,삿코라 비프,Satkara beef,BD,Satkara beef,"자동 후보 (원산지 P495, 언어판 3)",
roust,로스트,Roust,BD,Roust,"자동 후보 (원산지 P495, 언어판 2)",
shagorana,샤고라나,Shagorana,BD,Shagorana,"자동 후보 (원산지 P495, 언어판 2)",
seven-color-tea,칠색차,Seven-color tea,BD,Seven-color tea,"자동 후보 (분류 Bangladeshi cuisine, 언어판 8)",
handesh,한데시,Handesh,BD,Handesh,"자동 후보 (분류 Bangladeshi cuisine, 언어판 7)",
shahi-jilapi,샤히 질라피,Shahi jilapi,BD,Shahi jilapi,"자동 후보 (분류 Bangladeshi cuisine, 언어판 6)",
chhanamukhi,차나무키,Chhanamukhi,BD,Chhanamukhi,"자동 후보 (분류 Bangladeshi cuisine, 언어판 5)",
hutki-shira,후트키 시라,Hutki shira,BD,Hutki shira,"자동 후보 (분류 Bangladeshi cuisine, 언어판 5)",
nunor-bora,누노르 보라,Nunor Bora,BD,Nunor Bora,"자동 후보 (분류 Bangladeshi cuisine, 언어판 5)",
bornir-dhuchnir-doi,보르니르 두치니르 도이,Bornir Dhuchnir Doi,BD,Bornir Dhuchnir Doi,"자동 후보 (분류 Bangladeshi cuisine, 언어판 2)",
french-fries,감자튀김,French fries,BE,French fries,"자동 후보 (원산지 P495, 언어판 102)",
limburger,림부르거,Limburger,BE,Limburger,"자동 후보 (원산지 P495, 언어판 32)",
waterzooi,바터르조이,Waterzooi,BE,Waterzooi,"자동 후보 (원산지 P495, 언어판 27)",
ruby-chocolate,루비 초콜릿,Ruby chocolate,BE,Ruby chocolate,"자동 후보 (원산지 P495, 언어판 23)",
flemish-stew,스토플레이스,Flemish stew,BE,Flemish stew,"자동 후보 (원산지 P495, 언어판 22)",
mitraillette,미트라예트,Mitraillette,BE,Mitraillette,"자동 후보 (원산지 P495, 언어판 22)",
chocolate-praline,프랄린,Chocolate praline,BE,Chocolate praline,"자동 후보 (원산지 P495, 언어판 20)",
vlaai,블라이,Vlaai,BE,Vlaai,"자동 후보 (원산지 P495, 언어판 19)",
ontbijtkoek,온트베이트쿡,Ontbijtkoek,BE,Ontbijtkoek,"자동 후보 (원산지 P495, 언어판 18)",
sauce-andalouse,앙달루즈 소스,Sauce andalouse,BE,Sauce andalouse,"자동 후보 (원산지 P495, 언어판 17)",
steak-frites,스테이크 프리트,Steak frites,BE,Steak frites,"자동 후보 (원산지 P495, 언어판 16)",
belgian-chocolate,벨기에 초콜릿,Belgian chocolate,BE,Belgian chocolate,"자동 후보 (원산지 P495, 언어판 14)",
speculoos,스페퀼로스,Speculoos,BE,Speculoos,"자동 후보 (원산지 P495, 언어판 14)",
rijstevlaai,레이스트블라이,Rijstevlaai,BE,Rijstevlaai,"자동 후보 (원산지 P495, 언어판 13)",
belgian-waffle,벨기에 와플,Belgian waffle,BE,Belgian waffle,"자동 후보 (원산지 P495, 언어판 12)",
cuberdon,퀴베르동,Cuberdon,BE,Cuberdon,"자동 후보 (원산지 P495, 언어판 12)",
liege-waffle,리에주 와플,Liège waffle,BE,Liège waffle,"자동 후보 (원산지 P495, 언어판 11)",
passendale-cheese,파선달레 치즈,Passendale cheese,BE,Passendale cheese,"자동 후보 (원산지 P495, 언어판 11)",
pistolet,피스톨레,Pistolet,BE,Pistolet (bread),"자동 후보 (원산지 P495, 언어판 11)",
tarte-au-sucre,타르트 오 쉬크르,Tarte au sucre,BE,Tarte au sucre,"자동 후보 (원산지 P495, 언어판 11)",
stoemp,스툼프,Stoemp,BE,Stoemp,"자동 후보 (원산지 P495, 언어판 10)",
boulets-a-la-liegeoise,불레 아 라 리에주아즈,Boulets à la Liégeoise,BE,Boulets à la Liégeoise,"자동 후보 (원산지 P495, 언어판 9)",
brussels-cheese,브뤼셀 치즈,Brussels cheese,BE,Brussels cheese,"자동 후보 (원산지 P495, 언어판 9)",
miserable-cake,미제라블 케이크,Misérable cake,BE,Misérable cake,"자동 후보 (원산지 P495, 언어판 9)",
merveilleux,메르베유,Merveilleux,BE,Merveilleux (dessert),"자동 후보 (원산지 P495, 언어판 8)",
potjevleesch,포체플레스,Potjevleesch,BE,Potjevleesch,"자동 후보 (원산지 P495, 언어판 8)",
remoudou,르무두,Remoudou,BE,Remoudou,"자동 후보 (원산지 P495, 언어판 8)",
antwerp-hands,안트베르펜 손 쿠키,Antwerp hands,BE,Antwerp hands,"자동 후보 (원산지 P495, 언어판 7)",
dagobert,다고베르,Dagobert,BE,Dagobert (sandwich),"자동 후보 (원산지 P495, 언어판 7)",
boukete,부케트,Boûkète,BE,Boûkète,"자동 후보 (원산지 P495, 언어판 6)",
algerienne-sauce,알제리엔 소스,Algérienne sauce,BE,Algérienne sauce,"자동 후보 (원산지 P495, 언어판 5)",
cookie-butter,쿠키 버터,Cookie butter,BE,Cookie butter,"자동 후보 (원산지 P495, 언어판 5)",
filet-americain,필레 아메리캥,Filet américain,BE,Filet américain,"자동 후보 (원산지 P495, 언어판 5)",
paling-in-t-groen,팔링 인 엇 흐룬,Paling in 't groen,BE,Paling in 't groen,"자동 후보 (원산지 P495, 언어판 5)",
shopska-salad,숍스카 샐러드,Shopska salad,BG,Shopska salad,"자동 후보 (원산지 P495, 언어판 36)",
kashkaval,카슈카발,Kashkaval,BG,Kashkaval,"자동 후보 (원산지 P495, 언어판 29)",
lukanka,루칸카,Lukanka,BG,Lukanka,"자동 후보 (원산지 P495, 언어판 19)",
garash-cake,가라시,Garash cake,BG,Garash cake,"자동 후보 (원산지 P495, 언어판 17)",
mekitsa,메키차,Mekitsa,BG,Mekitsa,"자동 후보 (원산지 P495, 언어판 17)",
sirene,시레네,Sirene,BG,Sirene,"자동 후보 (원산지 P495, 언어판 17)",
bob-chorba,보브 초르바,Bob chorba,BG,Bob chorba,"자동 후보 (원산지 P495, 언어판 9)",
mish-mash,미시마시,Mish-mash,BG,Mish-mash (food),"자동 후보 (원산지 P495, 언어판 9)",
patatnik,파타트니크,Patatnik,BG,Patatnik,"자동 후보 (원산지 P495, 언어판 9)",
sharena-sol,샤레나 솔,Sharena sol,BG,Sharena sol,"자동 후보 (원산지 P495, 언어판 9)",
cream-tubes,크림 튜브,Cream tubes,BG,Cream tubes,"자동 후보 (원산지 P495, 언어판 7)",
snow-white-salad,백설공주 샐러드,Snow White salad,BG,Snow White salad,"자동 후보 (원산지 P495, 언어판 7)",
elenski-but,엘렌스키 부트,Elenski but,BG,Elenski but,"자동 후보 (원산지 P495, 언어판 5)",
biscuit-cake,비스킷 케이크,Biscuit cake,BG,Biscuit cake,"자동 후보 (원산지 P495, 언어판 4)",
cherni-vit-cheese,체르니 비트 치즈,Cherni Vit cheese,BG,Cherni Vit cheese,"자동 후보 (원산지 P495, 언어판 4)",
lyutika,류티카,Lyutika,BG,Lyutika,"자동 후보 (원산지 P495, 언어판 3)",
kyopolou,쿄폴루,Kyopolou,BG,Kyopolou,"자동 후보 (분류 Bulgarian cuisine, 언어판 13)",
muhammar,무하마르,Muhammar,BH,Muhammar,"자동 후보 (분류 Bahraini cuisine, 언어판 3)",
wagasi,와가시,Wagasi,BJ,Wagasi,"자동 후보 (원산지 P495, 언어판 13)",
amiwo,아미워,Amiwo,BJ,Amiwo,"자동 후보 (원산지 P495, 언어판 8)",
akpan,아크판,Akpan,BJ,Akpan (dessert),"자동 후보 (원산지 P495, 언어판 5)",
bomiwo,보미워,Bomiwô,BJ,Bomiwô,"자동 후보 (분류 Beninese cuisine, 언어판 2)",
ambuyat,암부얏,Ambuyat,BN,Ambuyat,"자동 후보 (원산지 P495, 언어판 18)",
clorot,츨로롯,Clorot,BN,Clorot,"자동 후보 (원산지 P495, 언어판 9)",
chuno,추뇨,Chuño,BO,Chuño,"자동 후보 (원산지 P495, 언어판 15)",
marraqueta,마라케타,Marraqueta,BO,Marraqueta,"자동 후보 (원산지 P495, 언어판 13)",
mocochinchi,모코친치,Mocochinchi,BO,Mocochinchi,"자동 후보 (원산지 P495, 언어판 9)",
charquican,차르키칸,Charquicán,BO,Charquicán,"자동 후보 (원산지 P495, 언어판 6)",
chancaca,찬카카,Chancaca,BO,Chancaca,"자동 후보 (원산지 P495, 언어판 5)",
chola-sandwich,촐라 샌드위치,Chola sandwich,BO,Chola sandwich,"자동 후보 (원산지 P495, 언어판 3)",
tojori,토호리,Tojorí,BO,Tojorí,"자동 후보 (원산지 P495, 언어판 3)",
llajua,야후아,Llajua,BO,Llajua,"자동 후보 (분류 Bolivian cuisine, 언어판 9)",
trancapecho,트랑카페초,Trancapecho,BO,Trancapecho,"자동 후보 (분류 Bolivian cuisine, 언어판 5)",
churrasco,슈하스쿠,Churrasco,BR,Churrasco,"자동 후보 (원산지 P495, 언어판 24)",
salpicon,살피콘,Salpicon,BR,Salpicon,"자동 후보 (원산지 P495, 언어판 17)",
acai-bowl,아사이 볼,Açai bowl,BR,Açai bowl,"자동 후보 (원산지 P495, 언어판 16)",
minas-cheese,미나스 치즈,Minas cheese,BR,Minas cheese,"자동 후보 (원산지 P495, 언어판 16)",
bauru,바우루,Bauru,BR,Bauru (sandwich),"자동 후보 (원산지 P495, 언어판 15)",
vatapa,바타파,Vatapá,BR,Vatapá,"자동 후보 (원산지 P495, 언어판 15)",
beijinho,베이지뉴,Beijinho,BR,Beijinho,"자동 후보 (원산지 P495, 언어판 14)",
broa,브로아,Broa,BR,Broa,"자동 후보 (원산지 P495, 언어판 14)",
pamonha,파모냐,Pamonha,BR,Pamonha,"자동 후보 (원산지 P495, 언어판 14)",
pacoca-de-amendoim,파소카,Paçoca de amendoim,BR,Paçoca de amendoim,"자동 후보 (원산지 P495, 언어판 14)",
quindim,킨징,Quindim,BR,Quindim,"자동 후보 (원산지 P495, 언어판 13)",
bolo-de-rolo,볼루 지 홀루,Bolo de rolo,BR,Bolo de rolo,"자동 후보 (원산지 P495, 언어판 12)",
goiabada,고이아바다,Goiabada,BR,Goiabada,"자동 후보 (원산지 P495, 언어판 12)",
canjica,칸지카,Canjica,BR,Canjica (dish),"자동 후보 (원산지 P495, 언어판 11)",
tucupi,투쿠피,Tucupi,BR,Tucupi,"자동 후보 (원산지 P495, 언어판 11)",
caruru,카루루,Caruru,BR,Caruru (food),"자동 후보 (원산지 P495, 언어판 10)",
quibebe,키베베,Quibebé,BR,Quibebé,"자동 후보 (원산지 P495, 언어판 10)",
cajuina,카주이나,Cajuína,BR,Cajuína,"자동 후보 (원산지 P495, 언어판 9)",
frejon,프레존,Frejon,BR,Frejon,"자동 후보 (원산지 P495, 언어판 9)",
ham-and-egg-bun,햄 에그 번,Ham and egg bun,BR,Ham and egg bun,"자동 후보 (원산지 P495, 언어판 9)",
swiss-lemonade,스위스 레모네이드,Swiss lemonade,BR,Swiss lemonade,"자동 후보 (원산지 P495, 언어판 9)",
tacaca,타카카,Tacacá,BR,Tacacá,"자동 후보 (원산지 P495, 언어판 9)",
curau,쿠라우,Curau,BR,Curau,"자동 후보 (원산지 P495, 언어판 8)",
carne-de-sol,카르니 지 소우,Carne de sol,BR,Carne de sol,"자동 후보 (원산지 P495, 언어판 7)",
queijo-de-colonia,케이주 지 콜로니아,Queijo de colônia,BR,Queijo de colônia,"자동 후보 (원산지 P495, 언어판 7)",
beirute,베이루치,Beirute,BR,Beirute,"자동 후보 (원산지 P495, 언어판 6)",
cajuzinho,카주지뉴,Cajuzinho,BR,Cajuzinho,"자동 후보 (원산지 P495, 언어판 6)",
canastra-cheese,카나스트라 치즈,Canastra cheese,BR,Canastra cheese,"자동 후보 (원산지 P495, 언어판 6)",
maria-mole,마리아 몰리,Maria-mole,BR,Maria-mole,"자동 후보 (원산지 P495, 언어판 6)",
pato-no-tucupi,파투 누 투쿠피,Pato no tucupi,BR,Pato no tucupi,"자동 후보 (원산지 P495, 언어판 6)",
queijadinha,케이자디냐,Queijadinha,BR,Queijadinha,"자동 후보 (원산지 P495, 언어판 6)",
romeu-e-julieta,호메우 이 줄리에타,Romeu e Julieta,BR,Romeu e Julieta,"자동 후보 (원산지 P495, 언어판 6)",
virado,비라두,Virado,BR,Virado,"자동 후보 (원산지 P495, 언어판 6)",
creme-de-papaya,크레미 지 파파야,Creme de papaya,BR,Creme de papaya,"자동 후보 (원산지 P495, 언어판 5)",
linguica-calabresa,링구이사 칼라브레자,Linguiça calabresa,BR,Linguiça calabresa,"자동 후보 (원산지 P495, 언어판 5)",
passion-fruit-mousse,패션프루트 무스,Passion fruit mousse,BR,Passion fruit mousse,"자동 후보 (원산지 P495, 언어판 5)",
pao-frances,팡 프랑세스,Pão francês,BR,Pão francês,"자동 후보 (원산지 P495, 언어판 5)",
tareco,타레쿠,Tareco,BR,Tareco,"자동 후보 (원산지 P495, 언어판 5)",
datshi,다치,Datshi,BT,Datshi,"자동 후보 (원산지 P495, 언어판 7)",
tsheringma-tea,체링마 차,Tsheringma tea,BT,Tsheringma tea,"자동 후보 (원산지 P495, 언어판 7)",
kvass,크바스,Kvass,BY,Kvass,"자동 후보 (원산지 P495, 언어판 81)",
ryazhenka,랴젠카,Ryazhenka,BY,Ryazhenka,"자동 후보 (원산지 P495, 언어판 25)",
sbiten,스비텐,Sbiten,BY,Sbiten,"자동 후보 (원산지 P495, 언어판 18)",
kalduny,칼두니,Kalduny,BY,Kalduny,"자동 후보 (원산지 P495, 언어판 16)",
potato-babka,감자 바브카,Potato babka,BY,Potato babka,"자동 후보 (원산지 P495, 언어판 13)",
asham,아샴,Asham,BZ,Asham (dessert),"자동 후보 (원산지 P495, 언어판 4)",
rice-and-beans,라이스 앤드 빈스,Rice and beans,BZ,Rice and beans,"자동 후보 (분류 Belizean cuisine, 언어판 13)",
bile-up,바일 업,Bile up,BZ,Bile up,"자동 후보 (분류 Belizean cuisine, 언어판 4)",
hawaiian-pizza,하와이안 피자,Hawaiian pizza,CA,Hawaiian pizza,"자동 후보 (원산지 P495, 언어판 40)",
nanaimo-bar,나나이모 바,Nanaimo bar,CA,Nanaimo bar,"자동 후보 (원산지 P495, 언어판 14)",
rocky-mountain-oysters,로키 마운틴 오이스터,Rocky Mountain oysters,CA,Rocky Mountain oysters,"자동 후보 (원산지 P495, 언어판 14)",
maple-sugar,메이플 슈거,Maple sugar,CA,Maple sugar,"자동 후보 (원산지 P495, 언어판 13)",
sushi-pizza,스시 피자,Sushi pizza,CA,Sushi pizza,"자동 후보 (원산지 P495, 언어판 13)",
tourtiere,투르티에르,Tourtière,CA,Tourtière,"자동 후보 (원산지 P495, 언어판 12)",
pizza-cake,피자 케이크,Pizza cake,CA,Pizza cake,"자동 후보 (원산지 P495, 언어판 9)",
butter-tart,버터 타르트,Butter tart,CA,Butter tart,"자동 후보 (원산지 P495, 언어판 8)",
garlic-fingers,갈릭 핑거,Garlic fingers,CA,Garlic fingers,"자동 후보 (원산지 P495, 언어판 8)",
maple-leaf-cream-cookie,메이플 리프 크림 쿠키,Maple leaf cream cookie,CA,Maple leaf cream cookie,"자동 후보 (원산지 P495, 언어판 8)",
maple-taffy,메이플 태피,Maple taffy,CA,Maple taffy,"자동 후보 (원산지 P495, 언어판 8)",
montreal-style-smoked-meat,몬트리올 스모크트 미트,Montreal-style smoked meat,CA,Montreal-style smoked meat,"자동 후보 (원산지 P495, 언어판 8)",
maple-butter,메이플 버터,Maple butter,CA,Maple butter,"자동 후보 (원산지 P495, 언어판 7)",
pate-chinois,파테 시누아,Pâté chinois,CA,Pâté chinois,"자동 후보 (원산지 P495, 언어판 7)",
touton,투턴,Touton,CA,Touton,"자동 후보 (원산지 P495, 언어판 7)",
bumbleberry-pie,범블베리 파이,Bumbleberry pie,CA,Bumbleberry pie,"자동 후보 (원산지 P495, 언어판 6)",
cretons,크르통,Cretons,CA,Cretons,"자동 후보 (원산지 P495, 언어판 6)",
montreal-style-bagel,몬트리올 베이글,Montreal-style bagel,CA,Montreal-style bagel,"자동 후보 (원산지 P495, 언어판 6)",
peameal-bacon,피밀 베이컨,Peameal bacon,CA,Peameal bacon,"자동 후보 (원산지 P495, 언어판 6)",
persian,퍼지언 롤,Persian,CA,Persian (roll),"자동 후보 (원산지 P495, 언어판 6)",
pizza-ghetti,피자게티,Pizza-ghetti,CA,Pizza-ghetti,"자동 후보 (원산지 P495, 언어판 6)",
poutine-rapee,푸틴 라페,Poutine râpée,CA,Poutine râpée,"자동 후보 (원산지 P495, 언어판 6)",
canadian-white-bread,캐나다 흰빵,Canadian white bread,CA,Canadian white bread,"자동 후보 (원산지 P495, 언어판 5)",
coconut-doughnut,코코넛 도넛,Coconut doughnut,CA,Coconut doughnut,"자동 후보 (원산지 P495, 언어판 5)",
date-square,데이트 스퀘어,Date square,CA,Date square,"자동 후보 (원산지 P495, 언어판 5)",
oka-cheese,오카 치즈,Oka cheese,CA,Oka cheese,"자동 후보 (원산지 P495, 언어판 5)",
sour-cream-doughnut,사워크림 도넛,Sour cream doughnut,CA,Sour cream doughnut,"자동 후보 (원산지 P495, 언어판 5)",
b-c-roll,BC 롤,B.C. roll,CA,B.C. roll,"자동 후보 (원산지 P495, 언어판 4)",
flapper-pie,플래퍼 파이,Flapper pie,CA,Flapper pie,"자동 후보 (원산지 P495, 언어판 4)",
ginger-beef,진저 비프,Ginger beef,CA,Ginger beef,"자동 후보 (원산지 P495, 언어판 4)",
grands-peres,그랑페르,Grands-pères,CA,Grands-pères,"자동 후보 (원산지 P495, 언어판 4)",
montreal-hot-dog,몬트리올 핫도그,Montreal hot dog,CA,Montreal hot dog,"자동 후보 (원산지 P495, 언어판 4)",
pied-de-vent,피에드방,Pied-De-Vent,CA,Pied-De-Vent,"자동 후보 (원산지 P495, 언어판 4)",
poutchine-au-sac,푸친 오 사크,Poutchine au sac,CA,Poutchine au sac,"자동 후보 (원산지 P495, 언어판 4)",
rappie-pie,래피 파이,Rappie pie,CA,Rappie pie,"자동 후보 (원산지 P495, 언어판 4)",
bleu-d-elizabeth,블뢰 델리자베트,Bleu d'Élizabeth,CA,Bleu d'Élizabeth,"자동 후보 (원산지 P495, 언어판 3)",
canadian-cheese,캐나다 치즈,Canadian cheese,CA,Canadian cheese,"자동 후보 (원산지 P495, 언어판 3)",
dutchie,더치 도넛,Dutchie,CA,Dutchie (doughnut),"자동 후보 (원산지 P495, 언어판 3)",
friulano,프리울라노 치즈,Friulano,CA,Friulano (cheese),"자동 후보 (원산지 P495, 언어판 3)",
indian-ice-cream,인디언 아이스크림,Indian ice cream,CA,Indian ice cream (Canada),"자동 후보 (원산지 P495, 언어판 3)",
jiggs-dinner,직스 디너,Jiggs dinner,CA,Jiggs dinner,"자동 후보 (원산지 P495, 언어판 3)",
le-riopelle-de-l-isle,르 리오펠 드 릴,Le Riopelle de l'Isle,CA,Le Riopelle de l'Isle,"자동 후보 (원산지 P495, 언어판 3)",
babute,바부테,Babute,CD,Babute,"자동 후보 (원산지 P495, 언어판 8)",
emmental-cheese,에멘탈 치즈,Emmental cheese,CH,Emmental cheese,"자동 후보 (원산지 P495, 언어판 60)",
gruyere-cheese,그뤼예르,Gruyère cheese,CH,Gruyère cheese,"자동 후보 (원산지 P495, 언어판 54)",
muesli,뮈슬리,Muesli,CH,Muesli,"자동 후보 (원산지 P495, 언어판 54)",
rosti,뢰슈티,Rösti,CH,Rösti,"자동 후보 (원산지 P495, 언어판 47)",
cordon-bleu,코르동 블뢰,Cordon bleu,CH,Cordon bleu (dish),"자동 후보 (원산지 P495, 언어판 38)",
appenzeller-cheese,아펜첼러,Appenzeller cheese,CH,Appenzeller cheese,"자동 후보 (원산지 P495, 언어판 37)",
king-cake,킹 케이크,King cake,CH,King cake,"자동 후보 (원산지 P495, 언어판 35)",
raclette,라클레트,Raclette,CH,Raclette,"자동 후보 (원산지 P495, 언어판 34)",
tilsit-cheese,틸지터,Tilsit cheese,CH,Tilsit cheese,"자동 후보 (원산지 P495, 언어판 29)",
sbrinz,스브린츠,Sbrinz,CH,Sbrinz,"자동 후보 (원산지 P495, 언어판 27)",
tete-de-moine,테트 드 무안,Tête de Moine,CH,Tête de Moine,"자동 후보 (원산지 P495, 언어판 26)",
swiss-chocolate,스위스 초콜릿,Swiss chocolate,CH,Swiss chocolate,"자동 후보 (원산지 P495, 언어판 22)",
vacherin-mont-d-or,바슈랭 몽도르,Vacherin Mont d'Or,CH,Vacherin Mont d'Or,"자동 후보 (원산지 P495, 언어판 19)",
raclette-du-valais,라클레트 뒤 발레,Raclette du Valais,CH,Raclette du Valais,"자동 후보 (원산지 P495, 언어판 18)",
stutenkerl,슈투텐케를,Stutenkerl,CH,Stutenkerl,"자동 후보 (원산지 P495, 언어판 18)",
schabziger,샤프치거,Schabziger,CH,Schabziger,"자동 후보 (원산지 P495, 언어판 17)",
zopf,초프,Zopf,CH,Zopf,"자동 후보 (원산지 P495, 언어판 17)",
birnenhonig,비르넨호니히,Birnenhonig,CH,Birnenhonig,"자동 후보 (원산지 P495, 언어판 14)",
basler-lackerli,바슬러 레커를리,Basler Läckerli,CH,Basler Läckerli,"자동 후보 (원산지 P495, 언어판 13)",
tomme,톰,Tomme,CH,Tomme,"자동 후보 (원산지 P495, 언어판 13)",
berner-alpkase,베르너 알프케제,Berner Alpkäse,CH,Berner Alpkäse,"자동 후보 (원산지 P495, 언어판 12)",
carac,카락,Carac,CH,Carac (pastry),"자동 후보 (원산지 P495, 언어판 12)",
landjager,란트예거,Landjäger,CH,Landjäger,"자동 후보 (원산지 P495, 언어판 12)",
zuger-kirschtorte,추거 키르슈토르테,Zuger Kirschtorte,CH,Zuger Kirschtorte,"자동 후보 (원산지 P495, 언어판 12)",
alplermagronen,엘플러마그로넨,Älplermagronen,CH,Älplermagronen,"자동 후보 (원산지 P495, 언어판 12)",
capuns,카푼스,Capuns,CH,Capuns,"자동 후보 (원산지 P495, 언어판 11)",
tirggel,티르겔,Tirggel,CH,Tirggel,"자동 후보 (원산지 P495, 언어판 11)",
zurcher-geschnetzeltes,취르허 게슈네첼테스,Zürcher Geschnetzeltes,CH,Zürcher Geschnetzeltes,"자동 후보 (원산지 P495, 언어판 11)",
birnbrot,비른브로트,Birnbrot,CH,Birnbrot,"자동 후보 (원산지 P495, 언어판 10)",
bundner-nusstorte,뷘드너 누스토르테,Bündner Nusstorte,CH,Bündner Nusstorte,"자동 후보 (원산지 P495, 언어판 10)",
l-etivaz,레티바,L'Etivaz,CH,L'Etivaz,"자동 후보 (원산지 P495, 언어판 10)",
malakoff,말라코프,Malakoff,CH,Malakoff (food),"자동 후보 (원산지 P495, 언어판 10)",
cafe-de-paris-sauce,카페 드 파리 소스,Café de Paris sauce,CH,Café de Paris sauce,"자동 후보 (원산지 P495, 언어판 9)",
rinderroulade,린더룰라데,Rinderroulade,CH,Rinderroulade,"자동 후보 (원산지 P495, 언어판 9)",
basler-brot,바슬러 브로트,Basler Brot,CH,Basler Brot,"자동 후보 (원산지 P495, 언어판 8)",
military-biscuit,군용 비스킷,Military biscuit,CH,Military biscuit,"자동 후보 (원산지 P495, 언어판 7)",
pane-ticinese,파네 티치네세,Pane ticinese,CH,Pane ticinese,"자동 후보 (원산지 P495, 언어판 7)",
riz-casimir,리 카지미르,Riz Casimir,CH,Riz Casimir,"자동 후보 (원산지 P495, 언어판 7)",
kedjenou,케제누,Kedjenou,CI,Kedjenou,"자동 후보 (원산지 P495, 언어판 13)",
barros-luco,바로스 루코,Barros Luco,CL,Barros Luco,"자동 후보 (원산지 P495, 언어판 15)",
mote-con-huesillo,모테 콘 우에시요,Mote con huesillo,CL,Mote con huesillo,"자동 후보 (원산지 P495, 언어판 14)",
completo,콤플레토,Completo,CL,Completo,"자동 후보 (원산지 P495, 언어판 13)",
curanto,쿠란토,Curanto,CL,Curanto,"자동 후보 (원산지 P495, 언어판 11)",
chacarero,차카레로,Chacarero,CL,Chacarero,"자동 후보 (원산지 P495, 언어판 9)",
merken,메르켄,Merkén,CL,Merkén,"자동 후보 (원산지 P495, 언어판 9)",
chilean-salad,칠레 샐러드,Chilean salad,CL,Chilean salad,"자동 후보 (원산지 P495, 언어판 8)",
paila-marina,파일라 마리나,Paila marina,CL,Paila marina,"자동 후보 (원산지 P495, 언어판 8)",
pan-de-pascua,판 데 파스쿠아,Pan de Pascua,CL,Pan de Pascua,"자동 후보 (원산지 P495, 언어판 8)",
chapalele,차팔렐레,Chapalele,CL,Chapalele,"자동 후보 (원산지 P495, 언어판 7)",
hallulla,아유야,Hallulla,CL,Hallulla,"자동 후보 (원산지 P495, 언어판 7)",
pantruca,판트루카,Pantruca,CL,Pantruca,"자동 후보 (원산지 P495, 언어판 7)",
caldillo-de-congrio,칼디요 데 콩그리오,Caldillo de congrio,CL,Caldillo de congrio,"자동 후보 (원산지 P495, 언어판 6)",
chanco-cheese,찬코 치즈,Chanco cheese,CL,Chanco cheese,"자동 후보 (원산지 P495, 언어판 6)",
milcao,밀카오,Milcao,CL,Milcao,"자동 후보 (원산지 P495, 언어판 6)",
barros-jarpa,바로스 하르파,Barros Jarpa,CL,Barros Jarpa (sandwich),"자동 후보 (원산지 P495, 언어판 5)",
porotos-con-riendas,포로토스 콘 리엔다스,Porotos con riendas,CL,Porotos con riendas,"자동 후보 (원산지 P495, 언어판 5)",
tortilla-de-rescoldo,토르티야 데 레스콜도,Tortilla de rescoldo,CL,Tortilla de rescoldo,"자동 후보 (원산지 P495, 언어판 5)",
chochoca,초초카,Chochoca,CL,Chochoca,"자동 후보 (원산지 P495, 언어판 4)",
crudo-aleman,크루도 알레만,Crudo alemán,CL,Crudo alemán,"자동 후보 (원산지 P495, 언어판 4)",
cuchufli,쿠추플리,Cuchuflí,CL,Cuchuflí,"자동 후보 (원산지 P495, 언어판 4)",
porotos-granados,포로토스 그라나도스,Porotos granados,CL,Porotos granados,"자동 후보 (원산지 P495, 언어판 4)",
terremoto,테레모토,Terremoto,CL,Terremoto (drink),"자동 후보 (원산지 P495, 언어판 4)",
machas-a-la-parmesana,마차스 아 라 파르메사나,Machas a la parmesana,CL,Machas a la parmesana,"자동 후보 (원산지 P495, 언어판 3)",
achu,아추,Achu,CM,Achu (soup),"자동 후보 (원산지 P495, 언어판 10)",
ekwang,에콴,Ekwang,CM,Ekwang,"자동 후보 (원산지 P495, 언어판 7)",
koki,코키,Koki,CM,Koki (food),"자동 후보 (원산지 P495, 언어판 5)",
kondreh,콘드레,Kondreh,CM,Kondreh (food),"자동 후보 (원산지 P495, 언어판 3)",
eru,에루,Eru,CM,Eru (soup),"자동 후보 (분류 Cameroonian cuisine, 언어판 11)",
bongo-o,봉고,Bongo'o,CM,Bongo'o,"자동 후보 (분류 Cameroonian cuisine, 언어판 2)",
mbongo-tchobi,음봉고 초비,Mbongo Tchobi,CM,Mbongo Tchobi,"자동 후보 (분류 Cameroonian cuisine, 언어판 2)",
mooncake,월병,Mooncake,CN,Mooncake,"자동 후보 (원산지 P495, 언어판 51)",
fried-rice,볶음밥,Fried rice,CN,Fried rice,"자동 후보 (원산지 P495, 언어판 50)",
century-egg,피단,Century egg,CN,Century egg,"자동 후보 (원산지 P495, 언어판 47)",
spring-roll,춘권,Spring roll,CN,Spring roll,"자동 후보 (원산지 P495, 언어판 44)",
wonton,완탕,Wonton,CN,Wonton,"자동 후보 (원산지 P495, 언어판 40)",
chow-mein,차오몐,Chow mein,CN,Chow mein,"자동 후보 (원산지 P495, 언어판 39)",
zongzi,쭝쯔,Zongzi,CN,Zongzi,"자동 후보 (원산지 P495, 언어판 39)",
dim-sum,딤섬,Dim sum,CN,Dim sum,"자동 후보 (원산지 P495, 언어판 37)",
pu-er-tea,보이차,Pu'er tea,CN,Pu'er tea,"자동 후보 (원산지 P495, 언어판 36)",
nian-gao,녠가오,Nian gao,CN,Nian gao,"자동 후보 (원산지 P495, 언어판 33)",
tangyuan,탕위안,Tangyuan,CN,Tangyuan,"자동 후보 (원산지 P495, 언어판 32)",
grass-jelly,셴차오,Grass jelly,CN,Grass jelly,"자동 후보 (원산지 P495, 언어판 31)",
hoisin-sauce,해선장,Hoisin sauce,CN,Hoisin sauce,"자동 후보 (원산지 P495, 언어판 28)",
meat-floss,러우쑹,Meat floss,CN,Meat floss,"자동 후보 (원산지 P495, 언어판 27)",
biangbiang-noodles,뱡뱡몐,Biangbiang noodles,CN,Biangbiang noodles,"자동 후보 (원산지 P495, 언어판 26)",
youtiao,유탸오,Youtiao,CN,Youtiao,"자동 후보 (원산지 P495, 언어판 26)",
longjing-tea,용정차,Longjing tea,CN,Longjing tea,"자동 후보 (원산지 P495, 언어판 24)",
roast-goose,거위구이,Roast goose,CN,Roast goose,"자동 후보 (원산지 P495, 언어판 24)",
tofu-skin,두부껍질,Tofu skin,CN,Tofu skin,"자동 후보 (원산지 P495, 언어판 24)",
char-siu,차사오,Char siu,CN,Char siu,"자동 후보 (원산지 P495, 언어판 23)",
egg-drop-soup,단화탕,Egg drop soup,CN,Egg drop soup,"자동 후보 (원산지 P495, 언어판 23)",
turtle-soup,자라탕,Turtle soup,CN,Turtle soup,"자동 후보 (원산지 P495, 언어판 23)",
dongpo-pork,동파육,Dongpo pork,CN,Dongpo pork,"자동 후보 (원산지 P495, 언어판 21)",
fermented-bean-curd,푸루,Fermented bean curd,CN,Fermented bean curd,"자동 후보 (원산지 P495, 언어판 21)",
lamian,라몐,Lamian,CN,Lamian,"자동 후보 (원산지 P495, 언어판 21)",
shumai,샤오마이,Shumai,CN,Shumai,"자동 후보 (원산지 P495, 언어판 21)",
buddha-s-delight,나한재,Buddha's delight,CN,Buddha's delight,"자동 후보 (원산지 P495, 언어판 20)",
cha-siu-bao,차슈바오,Cha siu bao,CN,Cha siu bao,"자동 후보 (원산지 P495, 언어판 20)",
roujiamo,러우자모,Roujiamo,CN,Roujiamo,"자동 후보 (원산지 P495, 언어판 20)",
tanghulu,탕후루,Tanghulu,CN,Tanghulu,"자동 후보 (원산지 P495, 언어판 20)",
douhua,더우화,Douhua,CN,Douhua,"자동 후보 (원산지 P495, 언어판 19)",
bakkwa,바콰,Bakkwa,CN,Bakkwa,"자동 후보 (원산지 P495, 언어판 17)",
chili-oil,고추기름,Chili oil,CN,Chili oil,"자동 후보 (원산지 P495, 언어판 17)",
egg-foo-young,에그푸영,Egg foo young,CN,Egg foo young,"자동 후보 (원산지 P495, 언어판 17)",
lo-mai-chi,노마이치,Lo mai chi,CN,Lo mai chi,"자동 후보 (원산지 P495, 언어판 17)",
dandan-noodles,단단면,Dandan noodles,CN,Dandan noodles,"자동 후보 (원산지 P495, 언어판 16)",
hong-kongstyle-milk-tea,홍콩 밀크티,Hong Kong–style milk tea,CN,Hong Kong–style milk tea,"자동 후보 (원산지 P495, 언어판 16)",
mala,마라,Mala,CN,Mala (seasoning),"자동 후보 (원산지 P495, 언어판 16)",
sachima,사치마,Sachima,CN,Sachima,"자동 후보 (원산지 P495, 언어판 16)",
tong-sui,탕수이,Tong sui,CN,Tong sui,"자동 후보 (원산지 P495, 언어판 16)",
wonton-noodles,완탕면,Wonton noodles,CN,Wonton noodles,"자동 후보 (원산지 P495, 언어판 16)",
zhajiangmian,자장몐,Zhajiangmian,CN,Zhajiangmian,"자동 후보 (원산지 P495, 언어판 16)",
chuan,촨,Chuan,CN,Chuan (food),"자동 후보 (원산지 P495, 언어판 15)",
cong-you-bing,충유빙,Cong you bing,CN,Cong you bing,"자동 후보 (원산지 P495, 언어판 15)",
har-gow,하가우,Har gow,CN,Har gow,"자동 후보 (원산지 P495, 언어판 15)",
koah-pau,과바오,Koah-pau,CN,Koah-pau,"자동 후보 (원산지 P495, 언어판 15)",
laziji,라쯔지,Laziji,CN,Laziji,"자동 후보 (원산지 P495, 언어판 15)",
sweetheart-cake,라오포빙,Sweetheart cake,CN,Sweetheart cake,"자동 후보 (원산지 P495, 언어판 15)",
yangzhou-fried-rice,양저우 볶음밥,Yangzhou fried rice,CN,Yangzhou fried rice,"자동 후보 (원산지 P495, 언어판 15)",
yong-tau-foo,뇽테우푸,Yong tau foo,CN,Yong tau foo,"자동 후보 (원산지 P495, 언어판 15)",
chinese-fried-rice,차오판,Chinese fried rice,CN,Chinese fried rice,"자동 후보 (원산지 P495, 언어판 14)",
guazi,과쯔,Guazi,CN,Guazi,"자동 후보 (원산지 P495, 언어판 14)",
hong-dou-tang,훙더우탕,Hong dou tang,CN,Hong dou tang,"자동 후보 (원산지 P495, 언어판 14)",
shacha-sauce,사차장,Shacha sauce,CN,Shacha sauce,"자동 후보 (원산지 P495, 언어판 14)",
soy-sauce-chicken,장유계,Soy sauce chicken,CN,Soy sauce chicken,"자동 후보 (원산지 P495, 언어판 14)",
tianmian-sauce,톈몐장,Tianmian sauce,CN,Tianmian sauce,"자동 후보 (원산지 P495, 언어판 14)",
coconut-bar,예잡고우,Coconut bar,CN,Coconut bar,"자동 후보 (원산지 P495, 언어판 13)",
hot-dry-noodles,러깐몐,Hot dry noodles,CN,Hot dry noodles,"자동 후보 (원산지 P495, 언어판 13)",
lo-mai-gai,노마이가이,Lo mai gai,CN,Lo mai gai,"자동 후보 (원산지 P495, 언어판 13)",
qingtuan,칭퇀,Qingtuan,CN,Qingtuan,"자동 후보 (원산지 P495, 언어판 13)",
siu-yuk,시우윅,Siu yuk,CN,Siu yuk,"자동 후보 (원산지 P495, 언어판 13)",
snake-soup,뱀탕,Snake soup,CN,Snake soup,"자동 후보 (원산지 P495, 언어판 13)",
snow-skin-mooncake,스노 스킨 문케이크,Snow skin mooncake,CN,Snow skin mooncake,"자동 후보 (원산지 P495, 언어판 13)",
zhangcha-duck,장차압,Zhangcha duck,CN,Zhangcha duck,"자동 후보 (원산지 P495, 언어판 13)",
chinese-almond-biscuit,항얀벵,Chinese almond biscuit,CN,Chinese almond biscuit,"자동 후보 (원산지 P495, 언어판 12)",
cifantuan,츠판퇀,Cifantuan,CN,Cifantuan,"자동 후보 (원산지 P495, 언어판 12)",
doujiang,더우장,Doujiang,CN,Doujiang,"자동 후보 (원산지 P495, 언어판 12)",
dragon-s-beard-candy,용수당,Dragon's beard candy,CN,Dragon's beard candy,"자동 후보 (원산지 P495, 언어판 12)",
lanzhou-beef-noodles,란저우 라몐,Lanzhou beef noodles,CN,Lanzhou beef noodles,"자동 후보 (원산지 P495, 언어판 12)",
lemon-chicken,레몬 치킨,Lemon chicken,CN,Lemon chicken,"자동 후보 (원산지 P495, 언어판 12)",
lo-mein,로우민,Lo mein,CN,Lo mein,"자동 후보 (원산지 P495, 언어판 12)",
malatang,마라탕,Malatang,CN,Malatang,"자동 후보 (원산지 P495, 언어판 12)",
pork-ball,껑우안,Pork ball,CN,Pork ball,"자동 후보 (원산지 P495, 언어판 12)",
shahe-fen,호판,Shahe fen,CN,Shahe fen,"자동 후보 (원산지 P495, 언어판 12)",
shaobing,사오빙,Shaobing,CN,Shaobing,"자동 후보 (원산지 P495, 언어판 12)",
white-cut-chicken,박칫가이,White cut chicken,CN,White cut chicken,"자동 후보 (원산지 P495, 언어판 12)",
white-sugar-sponge-cake,박통고우,White sugar sponge cake,CN,White sugar sponge cake,"자동 후보 (원산지 P495, 언어판 12)",
babaocai,팔보채,Babaocai,CN,Babaocai,"자동 후보 (원산지 P495, 언어판 11)",
chinese-steamed-eggs,중국식 달걀찜,Chinese steamed eggs,CN,Chinese steamed eggs,"자동 후보 (원산지 P495, 언어판 11)",
crispy-fried-chicken,자지가이,Crispy fried chicken,CN,Crispy fried chicken,"자동 후보 (원산지 P495, 언어판 11)",
dapanji,다판지,Dapanji,CN,Dapanji,"자동 후보 (원산지 P495, 언어판 11)",
deuk-deuk-tong,덕덕통,Deuk deuk tong,CN,Deuk deuk tong,"자동 후보 (원산지 P495, 언어판 11)",
ajiaco,아히아코,Ajiaco,CO,Ajiaco,"자동 후보 (원산지 P495, 언어판 21)",
oblea,오블레아,Oblea,CO,Oblea,"자동 후보 (원산지 P495, 언어판 19)",
changua,창과,Changua,CO,Changua,"자동 후보 (원산지 P495, 언어판 10)",
almojabana,알모하바나,Almojábana,CO,Almojábana,"자동 후보 (원산지 P495, 언어판 9)",
bocadillo,보카디요,Bocadillo,CO,Bocadillo (dessert),"자동 후보 (원산지 P495, 언어판 9)",
pandebono,판데보노,Pandebono,CO,Pandebono,"자동 후보 (원산지 P495, 언어판 9)",
arroz-de-lisa,아로스 데 리사,Arroz de lisa,CO,Arroz de lisa,"자동 후보 (원산지 P495, 언어판 8)",
cuchuco,쿠추코,Cuchuco,CO,Cuchuco,"자동 후보 (원산지 P495, 언어판 6)",
polvorosas,폴보로사,Polvorosas,CO,Polvorosas,"자동 후보 (원산지 P495, 언어판 6)",
aborrajados-de-platano-maduro,아보라하도,Aborrajados de plátano maduro,CO,Aborrajados de plátano maduro,"자동 후보 (원산지 P495, 언어판 5)",
arroz-atollado,아로스 아토야도,Arroz atollado,CO,Arroz atollado,"자동 후보 (원산지 P495, 언어판 4)",
caldo-de-costilla,칼도 데 코스티야,Caldo de costilla,CO,Caldo de costilla,"자동 후보 (원산지 P495, 언어판 4)",
paipa-cheese,파이파 치즈,Paipa cheese,CO,Paipa cheese,"자동 후보 (원산지 P495, 언어판 4)",
sweet-corn-arepa,아레파 데 초클로,Sweet corn arepa,CO,Sweet corn arepa,"자동 후보 (원산지 P495, 언어판 4)",
mute,무테,Mute,CO,Mute (soup),"자동 후보 (원산지 P495, 언어판 2)",
wine-cake,와인 케이크,Wine cake,CO,Wine cake,"자동 후보 (원산지 P495, 언어판 2)",
aguapanela,아구아파넬라,Aguapanela,CO,Aguapanela,"자동 후보 (분류 Colombian cuisine, 언어판 18)",
pan-de-yuca,판데유카,Pan de yuca,CO,Pan de yuca,"자동 후보 (분류 Colombian cuisine, 언어판 7)",
hogao,오가오,Hogao,CO,Hogao,"자동 후보 (분류 Colombian cuisine, 언어판 6)",
parva,파르바,Parva,CO,Parva (food),"자동 후보 (분류 Colombian cuisine, 언어판 6)",
cholado,촐라도,Cholado,CO,Cholado,"자동 후보 (분류 Colombian cuisine, 언어판 5)",
calentao,칼렌타도,Calentao,CO,Calentao,"자동 후보 (분류 Colombian cuisine, 언어판 4)",
coca-sek,코카 세크,Coca Sek,CO,Coca Sek,"자동 후보 (분류 Colombian cuisine, 언어판 3)",
turrialba-cheese,투리알바 치즈,Turrialba cheese,CR,Turrialba cheese,"자동 후보 (분류 Costa Rican cuisine, 언어판 4)",
palmito-cheese,팔미토 치즈,Palmito cheese,CR,Palmito cheese,"자동 후보 (분류 Costa Rican cuisine, 언어판 3)",
cuban-espresso,쿠바 에스프레소,Cuban espresso,CU,Cuban espresso,"자동 후보 (원산지 P495, 언어판 14)",
cucurucho,쿠쿠루초,Cucurucho,CU,Cucurucho,"자동 후보 (원산지 P495, 언어판 7)",
frita,프리타,Frita,CU,Frita,"자동 후보 (원산지 P495, 언어판 7)",
medianoche,메디아노체,Medianoche,CU,Medianoche,"자동 후보 (원산지 P495, 언어판 6)",
boliche,볼리체,Boliche,CU,Boliche,"자동 후보 (원산지 P495, 언어판 5)",
cuban-pastry,파스텔리토,Cuban pastry,CU,Cuban pastry,"자동 후보 (원산지 P495, 언어판 4)",
bistec-de-palomilla,비스텍 데 팔로미야,Bistec de palomilla,CU,Bistec de palomilla,"자동 후보 (원산지 P495, 언어판 2)",
cachupa,카추파,Cachupa,CV,Cachupa,"자동 후보 (원산지 P495, 언어판 22)",
bolinhos-de-mandioca-com-mel,볼리뉴 드 만디오카,Bolinhos de mandioca com mel,CV,Bolinhos de mandioca com mel,"자동 후보 (원산지 P495, 언어판 5)",
bafa,바파,Bafa,CV,Bafa (food),"자동 후보 (분류 Cape Verdean cuisine, 언어판 6)",
anari-cheese,아나리 치즈,Anari cheese,CY,Anari cheese,"자동 후보 (원산지 P495, 언어판 13)",
afelia,아펠리아,Afelia,CY,Afelia,"자동 후보 (원산지 P495, 언어판 12)",
flaouna,플라우나,Flaouna,CY,Flaouna,"자동 후보 (원산지 P495, 언어판 9)",
sheftalia,셰프탈리아,Sheftalia,CY,Sheftalia,"자동 후보 (원산지 P495, 언어판 9)",
spoon-sweets,스푼 스위트,Spoon sweets,CY,Spoon sweets,"자동 후보 (원산지 P495, 언어판 8)",
kakavia,카카비아,Kakavia,CY,Kakavia (soup),"자동 후보 (원산지 P495, 언어판 7)",
hellimli,헬리믈리,Hellimli,CY,Hellimli,"자동 후보 (원산지 P495, 언어판 3)",
tsamarella,차마렐라,Tsamarella,CY,Tsamarella,"자동 후보 (원산지 P495, 언어판 3)",
apohtin,아포흐틴,Apohtin,CY,Apohtin,"자동 후보 (원산지 P495, 언어판 2)",
buchteln,부흐텔른,Buchteln,CZ,Buchteln,"자동 후보 (원산지 P495, 언어판 29)",
trdelnik,트르델니크,Trdelník,CZ,Trdelník,"자동 후보 (원산지 P495, 언어판 25)",
powidl,포비들,Powidl,CZ,Powidl,"자동 후보 (원산지 P495, 언어판 23)",
olomoucke-tvaruzky,올로모우츠케 트바루슈키,Olomoucké tvarůžky,CZ,Olomoucké tvarůžky,"자동 후보 (원산지 P495, 언어판 22)",
kolach,콜라치,Kolach,CZ,Kolach (cake),"자동 후보 (원산지 P495, 언어판 21)",
smazeny-syr,스마제니 시르,Smažený sýr,CZ,Smažený sýr,"자동 후보 (원산지 P495, 언어판 20)",
zemlovka,졤로프카,Žemlovka,CZ,Žemlovka,"자동 후보 (원산지 P495, 언어판 17)",
vanocka,바노치카,Vánočka,CZ,Vánočka,"자동 후보 (원산지 P495, 언어판 15)",
christmas-carp,크리스마스 잉어,Christmas carp,CZ,Christmas carp,"자동 후보 (원산지 P495, 언어판 11)",
hermelin,헤르멜린,Hermelín,CZ,Hermelín,"자동 후보 (원산지 P495, 언어판 10)",
kulajda,쿨라이다,Kulajda,CZ,Kulajda,"자동 후보 (원산지 P495, 언어판 9)",
vepro-knedlo-zelo,베프르조 크네들로 젤로,Vepřo knedlo zelo,CZ,Vepřo knedlo zelo,"자동 후보 (원산지 P495, 언어판 7)",
abertam-cheese,아베르탐 치즈,Abertam cheese,CZ,Abertam cheese,"자동 후보 (원산지 P495, 언어판 6)",
cesnecka,체스네치카,Česnečka,CZ,Česnečka,"자동 후보 (원산지 P495, 언어판 6)",
serviettenknodel,세르비에텐크뇌델,Serviettenknödel,CZ,Serviettenknödel,"자동 후보 (원산지 P495, 언어판 5)",
houska,호우스카,Houska,CZ,Houska,"자동 후보 (원산지 P495, 언어판 4)",
prdelacka,프르델라치카,Prdelačka,CZ,Prdelačka,"자동 후보 (원산지 P495, 언어판 4)",
prague-ham,프라하 햄,Prague ham,CZ,Prague ham,"자동 후보 (분류 Czech cuisine, 언어판 10)",
pomazankove-maslo,포마잔코베 마슬로,Pomazánkové máslo,CZ,Pomazánkové máslo,"자동 후보 (분류 Czech cuisine, 언어판 4)",
katuv-sleh,카투프 슐레흐,Katův šleh,CZ,Katův šleh,"자동 후보 (분류 Czech cuisine, 언어판 3)",
rakvicka,라크비치카,Rakvička,CZ,Rakvička,"자동 후보 (분류 Czech cuisine, 언어판 2)",
marzipan,마지팬,Marzipan,DE,Marzipan,"자동 후보 (원산지 P495, 언어판 69)",
currywurst,커리부어스트,Currywurst,DE,Currywurst,"자동 후보 (원산지 P495, 언어판 46)",
black-forest-gateau,슈바르츠발트 케이크,Black Forest gateau,DE,Black Forest gateau,"자동 후보 (원산지 P495, 언어판 42)",
bratwurst,브라트부어스트,Bratwurst,DE,Bratwurst,"자동 후보 (원산지 P495, 언어판 39)",
stollen,슈톨렌,Stollen,DE,Stollen,"자동 후보 (원산지 P495, 언어판 38)",
gummy-bear,구미베어,Gummy bear,DE,Gummy bear,"자동 후보 (원산지 P495, 언어판 35)",
baumkuchen,바움쿠헨,Baumkuchen,DE,Baumkuchen,"자동 후보 (원산지 P495, 언어판 34)",
flammekueche,플람쿠헨,Flammekueche,DE,Flammekueche,"자동 후보 (원산지 P495, 언어판 33)",
fanta-cake,환타 케이크,Fanta cake,DE,Fanta cake,"자동 후보 (원산지 P495, 언어판 29)",
konigsberger-klopse,쾨니히스베르거 클로프제,Königsberger Klopse,DE,Königsberger Klopse,"자동 후보 (원산지 P495, 언어판 29)",
pumpernickel,품퍼니켈,Pumpernickel,DE,Pumpernickel,"자동 후보 (원산지 P495, 언어판 28)",
sauerbraten,자우어브라텐,Sauerbraten,DE,Sauerbraten,"자동 후보 (원산지 P495, 언어판 27)",
butterbrot,부터브로트,Butterbrot,DE,Butterbrot,"자동 후보 (원산지 P495, 언어판 25)",
marble-cake,마블 케이크,Marble cake,DE,Marble cake,"자동 후보 (원산지 P495, 언어판 25)",
dampfnudel,담프누델,Dampfnudel,DE,Dampfnudel,"자동 후보 (원산지 P495, 언어판 24)",
frankfurter-wurstchen,프랑크푸르터 뷔르스트헨,Frankfurter Würstchen,DE,Frankfurter Würstchen,"자동 후보 (원산지 P495, 언어판 24)",
rollmops,롤몹스,Rollmops,DE,Rollmops,"자동 후보 (원산지 P495, 언어판 24)",
dominostein,도미노슈타인,Dominostein,DE,Dominostein,"자동 후보 (원산지 P495, 언어판 23)",
black-forest-ham,슈바르츠발트 햄,Black Forest ham,DE,Black Forest ham,"자동 후보 (원산지 P495, 언어판 22)",
obatzda,오바츠다,Obatzda,DE,Obatzda,"자동 후보 (원산지 P495, 언어판 22)",
cambozola,캄보촐라,Cambozola,DE,Cambozola,"자동 후보 (원산지 P495, 언어판 21)",
kasespatzle,케제슈페츨레,Käsespätzle,DE,Käsespätzle,"자동 후보 (원산지 P495, 언어판 21)",
maultasche,마울타셰,Maultasche,DE,Maultasche,"자동 후보 (원산지 P495, 언어판 21)",
zwiebelkuchen,츠비벨쿠헨,Zwiebelkuchen,DE,Zwiebelkuchen,"자동 후보 (원산지 P495, 언어판 21)",
hamburg-steak,함박스테이크,Hamburg steak,DE,Hamburg steak,"자동 후보 (원산지 P495, 언어판 20)",
hedgehog-slice,칼터 훈트,Hedgehog slice,DE,Hedgehog slice,"자동 후보 (원산지 P495, 언어판 19)",
bockwurst,보크부어스트,Bockwurst,DE,Bockwurst,"자동 후보 (원산지 P495, 언어판 18)",
persipan,페르지판,Persipan,DE,Persipan,"자동 후보 (원산지 P495, 언어판 18)",
streusel,슈트로이젤,Streusel,DE,Streusel,"자동 후보 (원산지 P495, 언어판 18)",
streuselkuchen,슈트로이젤쿠헨,Streuselkuchen,DE,Streuselkuchen,"자동 후보 (원산지 P495, 언어판 18)",
aachener-printen,아헤너 프린텐,Aachener Printen,DE,Aachener Printen,"자동 후보 (원산지 P495, 언어판 17)",
bethmannchen,베트멘헨,Bethmännchen,DE,Bethmännchen,"자동 후보 (원산지 P495, 언어판 17)",
fischbrotchen,피시브뢰트헨,Fischbrötchen,DE,Fischbrötchen,"자동 후보 (원산지 P495, 언어판 17)",
gummy-candy,구미 젤리,Gummy candy,DE,Gummy candy,"자동 후보 (원산지 P495, 언어판 17)",
harzer,하르처 치즈,Harzer,DE,Harzer,"자동 후보 (원산지 P495, 언어판 17)",
mett,메트,Mett,DE,Mett,"자동 후보 (원산지 P495, 언어판 17)",
prinzregententorte,프린츠레겐텐토르테,Prinzregententorte,DE,Prinzregententorte,"자동 후보 (원산지 P495, 언어판 17)",
birnen-bohnen-und-speck,비르넨 보넨 운트 슈페크,"Birnen, Bohnen und Speck",DE,"Birnen, Bohnen und Speck","자동 후보 (원산지 P495, 언어판 16)",
buckling,부클링,Buckling,DE,Buckling (fish),"자동 후보 (원산지 P495, 언어판 16)",
fladle,플레들레,Flädle,DE,Flädle,"자동 후보 (원산지 P495, 언어판 16)",
franzbrotchen,프란츠브뢰트헨,Franzbrötchen,DE,Franzbrötchen,"자동 후보 (원산지 P495, 언어판 16)",
makowki,마쿠프키,Makówki,DE,Makówki,"자동 후보 (원산지 P495, 언어판 16)",
kommissbrot,코미스브로트,Kommissbrot,DE,Kommissbrot,"자동 후보 (원산지 P495, 언어판 15)",
pinkel,핑켈,Pinkel,DE,Pinkel,"자동 후보 (원산지 P495, 언어판 15)",
bienenstich,비넨슈티히,Bienenstich,DE,Bienenstich,"자동 후보 (원산지 P495, 언어판 14)",
bruhwurst,브뤼부르스트,Brühwurst,DE,Brühwurst,"자동 후보 (원산지 P495, 언어판 14)",
butterkase,부터케제,Butterkäse,DE,Butterkäse,"자동 후보 (원산지 P495, 언어판 14)",
mettwurst,메트부르스트,Mettwurst,DE,Mettwurst,"자동 후보 (원산지 P495, 언어판 14)",
saumagen,자우마겐,Saumagen,DE,Saumagen,"자동 후보 (원산지 P495, 언어판 14)",
weisslacker,바이슬라커,Weisslacker,DE,Weisslacker,"자동 후보 (원산지 P495, 언어판 14)",
wurstsalat,부르스트잘라트,Wurstsalat,DE,Wurstsalat,"자동 후보 (원산지 P495, 언어판 14)",
donauwelle,도나우벨레,Donauwelle,DE,Donauwelle,"자동 후보 (원산지 P495, 언어판 13)",
frankfurter-kranz,프랑크푸르터 크란츠,Frankfurter Kranz,DE,Frankfurter Kranz,"자동 후보 (원산지 P495, 언어판 13)",
ischoklad,이쇼클라트,Ischoklad,DE,Ischoklad,"자동 후보 (원산지 P495, 언어판 13)",
milbenkase,밀벤케제,Milbenkäse,DE,Milbenkäse,"자동 후보 (원산지 P495, 언어판 13)",
apfelkuchle,아펠퀴흘레,Apfelküchle,DE,Apfelküchle,"자동 후보 (원산지 P495, 언어판 12)",
hasenpfeffer,하젠페퍼,Hasenpfeffer,DE,Hasenpfeffer,"자동 후보 (원산지 P495, 언어판 12)",
knackwurst,크나크부르스트,Knackwurst,DE,Knackwurst,"자동 후보 (원산지 P495, 언어판 12)",
schneeball,슈네발,Schneeball,DE,Schneeball (pastry),"자동 후보 (원산지 P495, 언어판 12)",
danish-blue-cheese,다나블루,Danish Blue Cheese,DK,Danish Blue Cheese,"자동 후보 (원산지 P495, 언어판 27)",
danish-pastry,데니시 페이스트리,Danish pastry,DK,Danish pastry,"자동 후보 (원산지 P495, 언어판 26)",
frikadelle,프리카델레,Frikadelle,DK,Frikadelle,"자동 후보 (원산지 P495, 언어판 25)",
rdgrd,뢰드그뢰드,Rødgrød,DK,Rødgrød,"자동 후보 (원산지 P495, 언어판 24)",
bleskiver,에블레스키베르,Æbleskiver,DK,Æbleskiver,"자동 후보 (원산지 P495, 언어판 23)",
havarti,하바르티,Havarti,DK,Havarti,"자동 후보 (원산지 P495, 언어판 22)",
oatmeal-ball,쇼클라드볼,Oatmeal ball,DK,Oatmeal ball,"자동 후보 (원산지 P495, 언어판 21)",
kransekage,크란세카게,Kransekage,DK,Kransekage,"자동 후보 (원산지 P495, 언어판 19)",
danbo,단보,Danbo,DK,Danbo,"자동 후보 (원산지 P495, 언어판 18)",
risalamande,리살라망,Risalamande,DK,Risalamande,"자동 후보 (원산지 P495, 언어판 18)",
butter-cookie,버터 쿠키,Butter cookie,DK,Butter cookie,"자동 후보 (원산지 P495, 언어판 17)",
esrom,에스롬,Esrom,DK,Esrom,"자동 후보 (원산지 P495, 언어판 15)",
flskesteg,플레스케스테그,Flæskesteg,DK,Flæskesteg,"자동 후보 (원산지 P495, 언어판 15)",
llebrd,욀레브뢰드,Øllebrød,DK,Øllebrød,"자동 후보 (원산지 P495, 언어판 14)",
bfsandwich,뵈프샌드위치,Bøfsandwich,DK,Bøfsandwich,"자동 후보 (원산지 P495, 언어판 12)",
medisterplse,메디스테르푈세,Medisterpølse,DK,Medisterpølse,"자동 후보 (원산지 P495, 언어판 12)",
buttermilk-koldskal,콜스콜,Buttermilk koldskål,DK,Buttermilk koldskål,"자동 후보 (원산지 P495, 언어판 11)",
sams-cheese,삼쇠 치즈,Samsø cheese,DK,Samsø cheese,"자동 후보 (원산지 P495, 언어판 11)",
stegt-flsk,스텍트 플레스크,Stegt flæsk,DK,Stegt flæsk,"자동 후보 (원산지 P495, 언어판 10)",
palgschokolade,폴렉스초콜레드,Pålægschokolade,DK,Pålægschokolade,"자동 후보 (원산지 P495, 언어판 9)",
rugbrd,루그브뢰드,Rugbrød,DK,Rugbrød,"자동 후보 (원산지 P495, 언어판 9)",
remonce,레몽스,Remonce,DK,Remonce,"자동 후보 (원산지 P495, 언어판 8)",
sol-over-gudhjem,솔 오버 구드옘,Sol over Gudhjem,DK,Sol over Gudhjem,"자동 후보 (원산지 P495, 언어판 8)",
brndende-krlighed,브렌네네 케를리헤드,Brændende kærlighed,DK,Brændende kærlighed,"자동 후보 (원산지 P495, 언어판 7)",
dyrlgens-natmad,뒤를레겐스 나트마드,Dyrlægens natmad,DK,Dyrlægens natmad,"자동 후보 (원산지 P495, 언어판 7)",
kagemand,카게만,Kagemand,DK,Kagemand,"자동 후보 (원산지 P495, 언어판 7)",
kammerjunker,카메르융케르,Kammerjunker,DK,Kammerjunker (biscuit),"자동 후보 (원산지 P495, 언어판 7)",
maribo-cheese,마리보 치즈,Maribo cheese,DK,Maribo cheese,"자동 후보 (원산지 P495, 언어판 5)",
molbo-cheese,몰보 치즈,Molbo cheese,DK,Molbo cheese,"자동 후보 (원산지 P495, 언어판 5)",
tybo-cheese,튀보 치즈,Tybo cheese,DK,Tybo cheese,"자동 후보 (원산지 P495, 언어판 4)",
chimichurri-burger,치미추리 버거,Chimichurri burger,DO,Chimichurri burger,"자동 후보 (원산지 P495, 언어판 6)",
habichuelas-con-dulce,아비추엘라스 콘 둘세,Habichuelas con dulce,DO,Habichuelas con dulce,"자동 후보 (원산지 P495, 언어판 6)",
bizcocho-dominicano,비스코초 도미니카노,Bizcocho dominicano,DO,Bizcocho dominicano,"자동 후보 (원산지 P495, 언어판 5)",
moro-de-guandules,모로 데 관둘레스,Moro de guandules,DO,Moro de guandules,"자동 후보 (원산지 P495, 언어판 4)",
locrio,로크리오,Locrio,DO,Locrio,"자동 후보 (원산지 P495, 언어판 3)",
morir-sonando,모리르 소냔도,Morir soñando,DO,Morir soñando,"자동 후보 (분류 Dominican Republic cuisine, 언어판 4)",
chicha-de-pina,치차 데 피냐,Chicha de piña,DO,Chicha de piña,"자동 후보 (분류 Dominican Republic cuisine, 언어판 3)",
yaroa,야로아,Yaroa,DO,Yaroa,"자동 후보 (분류 Dominican Republic cuisine, 언어판 3)",
baghrir,바그리르,Baghrir,DZ,Baghrir,"자동 후보 (원산지 P495, 언어판 23)",
mazagran,마자그란,Mazagran,DZ,Mazagran (drink),"자동 후보 (원산지 P495, 언어판 15)",
kesra,케스라,Kesra,DZ,Kesra (bread),"자동 후보 (원산지 P495, 언어판 12)",
kalb-el-louz,칼브 엘루즈,Kalb el louz,DZ,Kalb el louz,"자동 후보 (원산지 P495, 언어판 11)",
creponne,크레포네,Créponné,DZ,Créponné,"자동 후보 (원산지 P495, 언어판 9)",
karantika,카란티카,Karantika,DZ,Karantika,"자동 후보 (원산지 P495, 언어판 9)",
matloue,마틀루아,Matloue,DZ,Matloue,"자동 후보 (원산지 P495, 언어판 9)",
khobz-tounes,코브즈 투네스,Khobz tounes,DZ,Khobz tounes,"자동 후보 (원산지 P495, 언어판 8)",
derssa,데르사,Derssa,DZ,Derssa,"자동 후보 (원산지 P495, 언어판 7)",
mahdjouba,마흐주바,Mahdjouba,DZ,Mahdjouba,"자동 후보 (원산지 P495, 언어판 7)",
mbesses,음베스,Mbesses,DZ,Mbesses,"자동 후보 (원산지 P495, 언어판 7)",
rechta,레슈타,Rechta,DZ,Rechta,"자동 후보 (원산지 P495, 언어판 7)",
hmiss,흐미스,Hmiss,DZ,Hmiss,"자동 후보 (원산지 P495, 언어판 6)",
tajine-lham-lahlou,타진 람라흘루,Tajine Lham-Lahlou,DZ,Tajine Lham-Lahlou,"자동 후보 (원산지 P495, 언어판 6)",
tajine-mtewem,타진 므테웸,Tajine mtewem,DZ,Tajine mtewem,"자동 후보 (원산지 P495, 언어판 6)",
dobara,도바라,Dobara,DZ,Dobara (Algerian dish),"자동 후보 (원산지 P495, 언어판 5)",
algerian-couscous,알제리 쿠스쿠스,Algerian couscous,DZ,Algerian couscous,"자동 후보 (원산지 P495, 언어판 4)",
maghrebi-mint-tea,아타이,Maghrebi mint tea,DZ,Maghrebi mint tea,"자동 후보 (분류 Algerian cuisine, 언어판 29)",
dawamesc,다와메스크,Dawamesc,DZ,Dawamesc,"자동 후보 (분류 Algerian cuisine, 언어판 10)",
algerian-baklawa,알제리 바클라와,Algerian baklawa,DZ,Algerian baklawa,"자동 후보 (분류 Algerian cuisine, 언어판 7)",
mouna,무나,Mouna,DZ,Mouna,"자동 후보 (분류 Algerian cuisine, 언어판 7)",
chtitha,치티하,Chtitha,DZ,Chtitha,"자동 후보 (분류 Algerian cuisine, 언어판 6)",
kroki,크로키,Kroki,DZ,Kroki,"자동 후보 (분류 Algerian cuisine, 언어판 6)",
fanesca,파네스카,Fanesca,EC,Fanesca,"자동 후보 (원산지 P495, 언어판 12)",
colada-morada,콜라다 모라다,Colada morada,EC,Colada morada,"자동 후보 (원산지 P495, 언어판 8)",
fritada,프리타다,Fritada,EC,Fritada,"자동 후보 (원산지 P495, 언어판 6)",
t-anta-wawa,탄타 와와,T'anta wawa,EC,T'anta wawa,"자동 후보 (원산지 P495, 언어판 6)",
chugchucaras,추추카라스,Chugchucaras,EC,Chugchucaras,"자동 후보 (원산지 P495, 언어판 4)",
espumilla,에스푸미야,Espumilla,EC,Espumilla,"자동 후보 (원산지 P495, 언어판 3)",
mote-pillo,모테 피요,Mote pillo,EC,Mote pillo,"자동 후보 (원산지 P495, 언어판 3)",
pinol,피놀,Pinol,EC,Pinol,"자동 후보 (원산지 P495, 언어판 3)",
helado-de-paila,엘라도 데 파일라,Helado de paila,EC,Helado de paila,"자동 후보 (분류 Ecuadorian cuisine, 언어판 5)",
llapingacho,야핑가초,Llapingacho,EC,Llapingacho,"자동 후보 (분류 Ecuadorian cuisine, 언어판 5)",
egg-butter,무나보이,Egg butter,EE,Egg butter,"자동 후보 (원산지 P495, 언어판 19)",
sepik,세피크,Sepik,EE,Sepik (bread),"자동 후보 (원산지 P495, 언어판 14)",
mulgikapsad,물기캅사드,Mulgikapsad,EE,Mulgikapsad,"자동 후보 (원산지 P495, 언어판 12)",
mulgipuder,물기푸데르,Mulgipuder,EE,Mulgipuder,"자동 후보 (원산지 P495, 언어판 9)",
kofta,코프타,Kofta,EG,Kofta,"자동 후보 (원산지 P495, 언어판 48)",
baba-ghanoush,바바 가누쉬,Baba ghanoush,EG,Baba ghanoush,"자동 후보 (원산지 P495, 언어판 44)",
tulumba,툴룸바,Tulumba,EG,Tulumba,"자동 후보 (원산지 P495, 언어판 38)",
basbousa,바스부사,Basbousa,EG,Basbousa,"자동 후보 (원산지 P495, 언어판 34)",
bissara,비사라,Bissara,EG,Bissara,"자동 후보 (원산지 P495, 언어판 20)",
duqqa,두카,Duqqa,EG,Duqqa,"자동 후보 (원산지 P495, 언어판 17)",
rumi-cheese,루미 치즈,Rumi cheese,EG,Rumi cheese,"자동 후보 (원산지 P495, 언어판 13)",
hawawshi,하와시,Hawawshi,EG,Hawawshi,"자동 후보 (원산지 P495, 언어판 11)",
kahk,카흐크,Kahk,EG,Kahk,"자동 후보 (원산지 P495, 언어판 8)",
baladi-cheese,발라디 치즈,Baladi cheese,EG,Baladi cheese,"자동 후보 (원산지 P495, 언어판 6)",
eish-merahrah,에이시 메라흐라,Eish merahrah,EG,Eish merahrah,"자동 후보 (원산지 P495, 언어판 6)",
bataw,바타우,Bataw,EG,Bataw (bread),"자동 후보 (원산지 P495, 언어판 5)",
eish-fino,에이시 피노,Eish fino,EG,Eish fino,"자동 후보 (원산지 P495, 언어판 5)",
mazalika,마잘리카,Mazalika,EG,Mazalika,"자동 후보 (원산지 P495, 언어판 5)",
fakhfakhina,파크파키나,Fakhfakhina,EG,Fakhfakhina,"자동 후보 (원산지 P495, 언어판 4)",
koftet-el-hati,코프테트 엘 하티,Koftet el hati,EG,Koftet el hati,"자동 후보 (원산지 P495, 언어판 4)",
eish-baladi,에이시 발라디,Eish baladi,EG,Eish baladi,"자동 후보 (원산지 P495, 언어판 3)",
salata-baladi,살라타 발라디,Salata baladi,EG,Salata baladi,"자동 후보 (원산지 P495, 언어판 3)",
fesikh,페시크,Fesikh,EG,Fesikh,"자동 후보 (분류 Egyptian cuisine, 언어판 21)",
om-ali-eg,옴 알리,Om Ali,EG,Om Ali,"자동 후보 (분류 Egyptian cuisine, 언어판 20)",
eggah,에가,Eggah,EG,Eggah,"자동 후보 (분류 Egyptian cuisine, 언어판 13)",
laban-rayeb,라반 라예브,Laban rayeb,EG,Laban rayeb,"자동 후보 (분류 Egyptian cuisine, 언어판 8)",
egyptian-cheese,이집트 치즈,Egyptian cheese,EG,Egyptian cheese,"자동 후보 (분류 Egyptian cuisine, 언어판 7)",
qishta,키슈타,Qishta,EG,Qishta,"자동 후보 (분류 Egyptian cuisine, 언어판 6)",
gored-gored,고레드 고레드,Gored gored,ER,Gored gored,"자동 후보 (원산지 P495, 언어판 14)",
niter-kibbeh,니테르 키베,Niter kibbeh,ER,Niter kibbeh,"자동 후보 (원산지 P495, 언어판 13)",
chorizo,초리소,Chorizo,ES,Chorizo,"자동 후보 (원산지 P495, 언어판 51)",
tapas,타파스,Tapas,ES,Tapas,"자동 후보 (원산지 P495, 언어판 45)",
manchego,만체고 치즈,Manchego,ES,Manchego,"자동 후보 (원산지 P495, 언어판 35)",
cortado,코르타도,Cortado,ES,Cortado,"자동 후보 (원산지 P495, 언어판 33)",
turron,투론,Turrón,ES,Turrón,"자동 후보 (원산지 P495, 언어판 30)",
fabada-asturiana,파바다 아스투리아나,Fabada asturiana,ES,Fabada asturiana,"자동 후보 (원산지 P495, 언어판 29)",
crema-catalana,크레마 카탈라나,Crema catalana,ES,Crema catalana,"자동 후보 (원산지 P495, 언어판 28)",
cabrales-cheese,카브랄레스 치즈,Cabrales cheese,ES,Cabrales cheese,"자동 후보 (원산지 P495, 언어판 27)",
adobo-es,아도보,Adobo,ES,Adobo,"자동 후보 (원산지 P495, 언어판 24)",
arros-negre,아로스 네그레,Arròs negre,ES,Arròs negre,"자동 후보 (원산지 P495, 언어판 24)",
salmorejo,살모레호,Salmorejo,ES,Salmorejo,"자동 후보 (원산지 P495, 언어판 24)",
ajoblanco,아호블랑코,Ajoblanco,ES,Ajoblanco,"자동 후보 (원산지 P495, 언어판 22)",
fuet,푸에트,Fuet,ES,Fuet,"자동 후보 (원산지 P495, 언어판 22)",
chicharron,치차론,Chicharrón,ES,Chicharrón,"자동 후보 (원산지 P495, 언어판 21)",
polvoron,폴보론,Polvorón,ES,Polvorón,"자동 후보 (원산지 P495, 언어판 21)",
cocido,코시도,Cocido,ES,Cocido,"자동 후보 (원산지 P495, 언어판 20)",
idiazabal-cheese,이디아사발 치즈,Idiazabal cheese,ES,Idiazabal cheese,"자동 후보 (원산지 P495, 언어판 20)",
roncal-cheese,론칼 치즈,Roncal cheese,ES,Roncal cheese,"자동 후보 (원산지 P495, 언어판 20)",
ensaimada,엔사이마다,Ensaïmada,ES,Ensaïmada,"자동 후보 (원산지 P495, 언어판 19)",
escalivada,에스칼리바다,Escalivada,ES,Escalivada,"자동 후보 (원산지 P495, 언어판 19)",
migas,미가스,Migas,ES,Migas,"자동 후보 (원산지 P495, 언어판 19)",
miguelitos,미겔리토스,Miguelitos,ES,Miguelitos,"자동 후보 (원산지 P495, 언어판 19)",
tetilla-cheese,테티야 치즈,Tetilla cheese,ES,Tetilla cheese,"자동 후보 (원산지 P495, 언어판 19)",
cuajada,쿠아하다,Cuajada,ES,Cuajada,"자동 후보 (원산지 P495, 언어판 18)",
escudella,에스쿠데야,Escudella,ES,Escudella,"자동 후보 (원산지 P495, 언어판 18)",
arroz-con-pollo,아로스 콘 포요,Arroz con pollo,ES,Arroz con pollo,"자동 후보 (원산지 P495, 언어판 17)",
jamon,하몬,Jamón,ES,Jamón,"자동 후보 (원산지 P495, 언어판 17)",
torta-del-casar,토르타 델 카사르,Torta del Casar,ES,Torta del Casar,"자동 후보 (원산지 P495, 언어판 17)",
coca,코카,Coca,ES,Coca (pastry),"자동 후보 (원산지 P495, 언어판 16)",
gofio,고피오,Gofio,ES,Gofio,"자동 후보 (원산지 P495, 언어판 16)",
pisto,피스토,Pisto,ES,Pisto,"자동 후보 (원산지 P495, 언어판 16)",
sobrassada,소브라사다,Sobrassada,ES,Sobrassada,"자동 후보 (원산지 P495, 언어판 16)",
squid-sandwich,보카디요 데 칼라마레스,Squid sandwich,ES,Squid sandwich,"자동 후보 (원산지 P495, 언어판 16)",
arroz-a-la-cubana,아로스 아 라 쿠바나,Arroz a la cubana,ES,Arroz a la cubana,"자동 후보 (원산지 P495, 언어판 15)",
leche-frita,레체 프리타,Leche frita,ES,Leche frita,"자동 후보 (원산지 P495, 언어판 15)",
mojo,모호,Mojo,ES,Mojo (sauce),"자동 후보 (원산지 P495, 언어판 15)",
papas-arrugadas,파파스 아루가다스,Papas arrugadas,ES,Papas arrugadas,"자동 후보 (원산지 P495, 언어판 15)",
basque-cheesecake,바스크 치즈케이크,Basque cheesecake,ES,Basque cheesecake,"자동 후보 (원산지 P495, 언어판 14)",
chistorra,치스토라,Chistorra,ES,Chistorra,"자동 후보 (원산지 P495, 언어판 14)",
fideua,피데우아,Fideuà,ES,Fideuà,"자동 후보 (원산지 P495, 언어판 14)",
mahon-cheese,마온 치즈,Mahón cheese,ES,Mahón cheese,"자동 후보 (원산지 P495, 언어판 14)",
mojama,모하마,Mojama,ES,Mojama,"자동 후보 (원산지 P495, 언어판 14)",
natillas,나티야스,Natillas,ES,Natillas,"자동 후보 (원산지 P495, 언어판 14)",
olla-podrida,오야 포드리다,Olla podrida,ES,Olla podrida,"자동 후보 (원산지 P495, 언어판 14)",
panellets,파넬례츠,Panellets,ES,Panellets,"자동 후보 (원산지 P495, 언어판 14)",
puchero,푸체로,Puchero,ES,Puchero,"자동 후보 (원산지 P495, 언어판 14)",
tarta-de-santiago,타르타 데 산티아고,Tarta de Santiago,ES,Tarta de Santiago,"자동 후보 (원산지 P495, 언어판 14)",
trinxat,트린샤트,Trinxat,ES,Trinxat,"자동 후보 (원산지 P495, 언어판 14)",
afuega-l-pitu,아푸에갈 피투,Afuega'l pitu,ES,Afuega'l pitu,"자동 후보 (원산지 P495, 언어판 13)",
cafe-con-leche,카페 콘 레체,Café con leche,ES,Café con leche,"자동 후보 (원산지 P495, 언어판 13)",
cocido-madrileno,코시도 마드릴레뇨,Cocido madrileño,ES,Cocido madrileño,"자동 후보 (원산지 P495, 언어판 13)",
fartons,파르톤,Fartons,ES,Fartons,"자동 후보 (원산지 P495, 언어판 13)",
mato,마토,Mató,ES,Mató,"자동 후보 (원산지 P495, 언어판 13)",
mazamorra,마사모라,Mazamorra,ES,Mazamorra,"자동 후보 (원산지 P495, 언어판 13)",
pionono,피오노노,Pionono,ES,Pionono,"자동 후보 (원산지 P495, 언어판 13)",
zamorano-cheese,사모라노 치즈,Zamorano cheese,ES,Zamorano cheese,"자동 후보 (원산지 P495, 언어판 13)",
barquillo,바르키요,Barquillo,ES,Barquillo,"자동 후보 (원산지 P495, 언어판 12)",
candied-almonds,설탕 아몬드,Candied almonds,ES,Candied almonds,"자동 후보 (원산지 P495, 언어판 12)",
wat,워뜨,Wat,ET,Wat (food),"자동 후보 (원산지 P495, 언어판 22)",
mitmita,미트미타,Mitmita,ET,Mitmita,"자동 후보 (원산지 P495, 언어판 17)",
fit-fit,피트피트,Fit-fit,ET,Fit-fit,"자동 후보 (원산지 P495, 언어판 16)",
himbasha,힘바샤,Himbasha,ET,Himbasha,"자동 후보 (원산지 P495, 언어판 15)",
kitcha,키차,Kitcha,ET,Kitcha,"자동 후보 (원산지 P495, 언어판 10)",
kocho,코초,Kocho,ET,Kocho (food),"자동 후보 (분류 Ethiopian cuisine, 언어판 7)",
awaze,아와제,Awaze,ET,Awaze,"자동 후보 (분류 Ethiopian cuisine, 언어판 4)",
kalakukko,칼라쿠코,Kalakukko,FI,Kalakukko,"자동 후보 (원산지 P495, 언어판 34)",
salty-liquorice,살미아키,Salty liquorice,FI,Salty liquorice,"자동 후보 (원산지 P495, 언어판 29)",
semla,셈라,Semla,FI,Semla,"자동 후보 (원산지 P495, 언어판 29)",
mammi,맴미,Mämmi,FI,Mämmi,"자동 후보 (원산지 P495, 언어판 28)",
runeberg-torte,루네베리 토르테,Runeberg torte,FI,Runeberg torte,"자동 후보 (원산지 P495, 언어판 28)",
bread-cheese,레이패유스토,Bread cheese,FI,Bread cheese,"자동 후보 (원산지 P495, 언어판 21)",
lohikeitto,로히케이토,Lohikeitto,FI,Lohikeitto,"자동 후보 (원산지 P495, 언어판 19)",
mustamakkara,무스타마카라,Mustamakkara,FI,Mustamakkara,"자동 후보 (원산지 P495, 언어판 18)",
rosolli,로솔리,Rosolli,FI,Rosolli,"자동 후보 (원산지 P495, 언어판 12)",
karelian-hot-pot,카리알란파이스티,Karelian hot pot,FI,Karelian hot pot,"자동 후보 (원산지 P495, 언어판 11)",
porkkanalaatikko,포르카날라티코,Porkkanalaatikko,FI,Porkkanalaatikko,"자동 후보 (원산지 P495, 언어판 11)",
ruisreikaleipa,루이스레이캘레이패,Ruisreikäleipä,FI,Ruisreikäleipä,"자동 후보 (원산지 P495, 언어판 11)",
blodpalt,블로드팔트,Blodpalt,FI,Blodpalt,"자동 후보 (원산지 P495, 언어판 9)",
joulutorttu,요울루토르투,Joulutorttu,FI,Joulutorttu,"자동 후보 (원산지 P495, 언어판 9)",
kesakeitto,케새케이토,Kesäkeitto,FI,Kesäkeitto,"자동 후보 (원산지 P495, 언어판 9)",
maksalaatikko,막살라티코,Maksalaatikko,FI,Maksalaatikko,"자동 후보 (원산지 P495, 언어판 9)",
lanttulaatikko,란툴라티코,Lanttulaatikko,FI,Lanttulaatikko,"자동 후보 (원산지 P495, 언어판 8)",
lihapiirakka,리하피라카,Lihapiirakka,FI,Lihapiirakka,"자동 후보 (원산지 P495, 언어판 7)",
lortsy,뢰르치,Lörtsy,FI,Lörtsy,"자동 후보 (원산지 P495, 언어판 7)",
porilainen,포릴라이넨,Porilainen,FI,Porilainen,"자동 후보 (원산지 P495, 언어판 7)",
sultsina,술치나,Sultsina,FI,Sultsina,"자동 후보 (원산지 P495, 언어판 7)",
aura-cheese,아우라 치즈,Aura cheese,FI,Aura cheese,"자동 후보 (원산지 P495, 언어판 5)",
imelletty-perunalaatikko,이멜레튀 페루날라티코,Imelletty perunalaatikko,FI,Imelletty perunalaatikko,"자동 후보 (원산지 P495, 언어판 5)",
makkaraperunat,마카라페루나트,Makkaraperunat,FI,Makkaraperunat,"자동 후보 (원산지 P495, 언어판 5)",
rosvopaisti,로스보파이스티,Rosvopaisti,FI,Rosvopaisti,"자동 후보 (원산지 P495, 언어판 5)",
fazer-blue,파제르 블루,Fazer Blue,FI,Fazer Blue,"자동 후보 (원산지 P495, 언어판 4)",
hapanlohko,하판로흐코,Hapanlohko,FI,Hapanlohko,"자동 후보 (원산지 P495, 언어판 4)",
helmipuuro,헬미푸로,Helmipuuro,FI,Helmipuuro,"자동 후보 (원산지 P495, 언어판 4)",
mykyrokka,뮈퀴로카,Mykyrokka,FI,Mykyrokka,"자동 후보 (원산지 P495, 언어판 4)",
rossypottu,뢰쉬포투,Rössypottu,FI,Rössypottu,"자동 후보 (원산지 P495, 언어판 4)",
uunijuusto,우니유스토,Uunijuusto,FI,Uunijuusto,"자동 후보 (원산지 P495, 언어판 4)",
kaalilaatikko,칼리라티코,Kaalilaatikko,FI,Kaalilaatikko,"자동 후보 (원산지 P495, 언어판 3)",
kebakko,케바코,Kebakko,FI,Kebakko,"자동 후보 (원산지 P495, 언어판 3)",
ronttonen,뢴퇴넨,Rönttönen,FI,Rönttönen,"자동 후보 (원산지 P495, 언어판 3)",
turun-sinappi,투룬 시나피,Turun sinappi,FI,Turun sinappi,"자동 후보 (원산지 P495, 언어판 3)",
hapanvelli,하판벨리,Hapanvelli,FI,Hapanvelli,"자동 후보 (원산지 P495, 언어판 2)",
bechamel-sauce,베샤멜 소스,Béchamel sauce,FR,Béchamel sauce,"자동 후보 (원산지 P495, 언어판 68)",
camembert,카망베르,Camembert,FR,Camembert,"자동 후보 (원산지 P495, 언어판 66)",
baguette,바게트,Baguette,FR,Baguette,"자동 후보 (원산지 P495, 언어판 65)",
brie,브리,Brie,FR,Brie,"자동 후보 (원산지 P495, 언어판 60)",
roquefort,로크포르,Roquefort,FR,Roquefort,"자동 후보 (원산지 P495, 언어판 59)",
foie-gras,푸아그라,Foie gras,FR,Foie gras,"자동 후보 (원산지 P495, 언어판 57)",
eclair,에클레르,Éclair,FR,Éclair,"자동 후보 (원산지 P495, 언어판 54)",
aioli,아이올리,Aioli,FR,Aioli,"자동 후보 (원산지 P495, 언어판 53)",
bearnaise-sauce,베아르네즈 소스,Béarnaise sauce,FR,Béarnaise sauce,"자동 후보 (원산지 P495, 언어판 52)",
creme-brulee,크렘 브륄레,Crème brûlée,FR,Crème brûlée,"자동 후보 (원산지 P495, 언어판 52)",
tartar-sauce,타르타르 소스,Tartar sauce,FR,Tartar sauce,"자동 후보 (원산지 P495, 언어판 52)",
macaron,마카롱,Macaron,FR,Macaron,"자동 후보 (원산지 P495, 언어판 51)",
souffle,수플레,Soufflé,FR,Soufflé,"자동 후보 (원산지 P495, 언어판 50)",
steak-tartare,스테이크 타르타르,Steak tartare,FR,Steak tartare,"자동 후보 (원산지 P495, 언어판 48)",
brioche,브리오슈,Brioche,FR,Brioche,"자동 후보 (원산지 P495, 언어판 47)",
hollandaise-sauce,올랑데즈 소스,Hollandaise sauce,FR,Hollandaise sauce,"자동 후보 (원산지 P495, 언어판 46)",
madeleine,마들렌,Madeleine,FR,Madeleine (cake),"자동 후보 (원산지 P495, 언어판 45)",
mousse,무스,Mousse,FR,Mousse,"자동 후보 (원산지 P495, 언어판 43)",
mille-feuille,밀푀유,Mille-feuille,FR,Mille-feuille,"자동 후보 (원산지 P495, 언어판 41)",
french-onion-soup,양파 수프,French onion soup,FR,French onion soup,"자동 후보 (원산지 P495, 언어판 40)",
ganache,가나슈,Ganache,FR,Ganache,"자동 후보 (원산지 P495, 언어판 40)",
beef-bourguignon,뵈프 부르기뇽,Beef bourguignon,FR,Beef bourguignon,"자동 후보 (원산지 P495, 언어판 39)",
creme-fraiche,크렘 프레슈,Crème fraîche,FR,Crème fraîche,"자동 후보 (원산지 P495, 언어판 38)",
profiterole,프로피트롤,Profiterole,FR,Profiterole,"자동 후보 (원산지 P495, 언어판 38)",
salade-nicoise,니수아즈 샐러드,Salade niçoise,FR,Salade niçoise,"자동 후보 (원산지 P495, 언어판 38)",
veloute-sauce,블루테 소스,Velouté sauce,FR,Velouté sauce,"자동 후보 (원산지 P495, 언어판 38)",
yule-log,뷔슈 드 노엘,Yule log,FR,Yule log (cake),"자동 후보 (원산지 P495, 언어판 37)",
cassoulet,카술레,Cassoulet,FR,Cassoulet,"자동 후보 (원산지 P495, 언어판 36)",
croque-monsieur,크로크므시외,Croque monsieur,FR,Croque monsieur,"자동 후보 (원산지 P495, 언어판 36)",
choux-pastry,슈,Choux pastry,FR,Choux pastry,"자동 후보 (원산지 P495, 언어판 35)",
tarte-tatin,타르트 타탱,Tarte Tatin,FR,Tarte Tatin,"자동 후보 (원산지 P495, 언어판 35)",
bavarian-cream,바바루아,Bavarian cream,FR,Bavarian cream,"자동 후보 (원산지 P495, 언어판 34)",
gratin,그라탱,Gratin,FR,Gratin,"자동 후보 (원산지 P495, 언어판 34)",
pot-au-feu,포토푀,Pot-au-feu,FR,Pot-au-feu,"자동 후보 (원산지 P495, 언어판 34)",
charlotte,샤를로트,Charlotte,FR,Charlotte (cake),"자동 후보 (원산지 P495, 언어판 33)",
consomme,콩소메,Consommé,FR,Consommé,"자동 후보 (원산지 P495, 언어판 33)",
pain-au-chocolat,팽 오 쇼콜라,Pain au chocolat,FR,Pain au chocolat,"자동 후보 (원산지 P495, 언어판 33)",
parfait,파르페,Parfait,FR,Parfait,"자동 후보 (원산지 P495, 언어판 33)",
blancmange,블랑망제,Blancmange,FR,Blancmange,"자동 후보 (원산지 P495, 언어판 32)",
clafoutis,클라푸티,Clafoutis,FR,Clafoutis,"자동 후보 (원산지 P495, 언어판 32)",
munster-cheese,묑스테르,Munster cheese,FR,Munster cheese,"자동 후보 (원산지 P495, 언어판 32)",
bisque,비스크,Bisque,FR,Bisque (food),"자동 후보 (원산지 P495, 언어판 31)",
peach-melba,피치 멜바,Peach Melba,FR,Peach Melba,"자동 후보 (원산지 P495, 언어판 31)",
beignet,베녜,Beignet,FR,Beignet,"자동 후보 (원산지 P495, 언어판 30)",
cantal-cheese,캉탈,Cantal cheese,FR,Cantal cheese,"자동 후보 (원산지 P495, 언어판 30)",
dijon-mustard,디종 머스터드,Dijon mustard,FR,Dijon mustard,"자동 후보 (원산지 P495, 언어판 30)",
kouign-amann,퀴냐만,Kouign-amann,FR,Kouign-amann,"자동 후보 (원산지 P495, 언어판 30)",
remoulade,레물라드,Remoulade,FR,Remoulade,"자동 후보 (원산지 P495, 언어판 30)",
rum-baba,바바 오 럼,Rum baba,FR,Rum baba,"자동 후보 (원산지 P495, 언어판 30)",
vol-au-vent,볼오방,Vol-au-vent,FR,Vol-au-vent,"자동 후보 (원산지 P495, 언어판 30)",
comte-cheese,콩테 치즈,Comté cheese,FR,Comté cheese,"자동 후보 (원산지 P495, 언어판 29)",
petit-four,프티 푸르,Petit four,FR,Petit four,"자동 후보 (원산지 P495, 언어판 29)",
reblochon,르블로숑,Reblochon,FR,Reblochon,"자동 후보 (원산지 P495, 언어판 29)",
vichyssoise,비시수아즈,Vichyssoise,FR,Vichyssoise,"자동 후보 (원산지 P495, 언어판 29)",
aligot,알리고,Aligot,FR,Aligot,"자동 후보 (원산지 P495, 언어판 28)",
beaufort-cheese,보포르,Beaufort cheese,FR,Beaufort cheese,"자동 후보 (원산지 P495, 언어판 28)",
espagnole-sauce,에스파뇰 소스,Espagnole sauce,FR,Espagnole sauce,"자동 후보 (원산지 P495, 언어판 28)",
floating-island,일 플로탕트,Floating island,FR,Floating island (dessert),"자동 후보 (원산지 P495, 언어판 28)",
livarot-cheese,리바로,Livarot cheese,FR,Livarot cheese,"자동 후보 (원산지 P495, 언어판 28)",
macaroon,마카룬,Macaroon,FR,Macaroon,"자동 후보 (원산지 P495, 언어판 28)",
mimolette,미몰레트,Mimolette,FR,Mimolette,"자동 후보 (원산지 P495, 언어판 28)",
abondance-cheese,아봉당스,Abondance cheese,FR,Abondance cheese,"자동 후보 (원산지 P495, 언어판 27)",
bleu-d-auvergne,블뢰 도베르뉴,Bleu d'Auvergne,FR,Bleu d'Auvergne,"자동 후보 (원산지 P495, 언어판 27)",
bologna-sausage,볼로냐 소시지,Bologna sausage,FR,Bologna sausage,"자동 후보 (원산지 P495, 언어판 27)",
crepes-suzette,크레프 쉬제트,Crêpes Suzette,FR,Crêpes Suzette,"자동 후보 (원산지 P495, 언어판 27)",
neufchatel-cheese,뇌샤텔,Neufchâtel cheese,FR,Neufchâtel cheese,"자동 후보 (원산지 P495, 언어판 27)",
epoisses,에푸아스,Époisses,FR,Époisses,"자동 후보 (원산지 P495, 언어판 27)",
galantine,갈랑틴,Galantine,FR,Galantine,"자동 후보 (원산지 P495, 언어판 26)",
morbier-cheese,모르비에,Morbier cheese,FR,Morbier cheese,"자동 후보 (원산지 P495, 언어판 26)",
opera-cake,오페라 케이크,Opera cake,FR,Opera cake,"자동 후보 (원산지 P495, 언어판 26)",
amuse-bouche,아뮈즈부슈,Amuse-bouche,FR,Amuse-bouche,"자동 후보 (원산지 P495, 언어판 25)",
croquembouche,크로캉부슈,Croquembouche,FR,Croquembouche,"자동 후보 (원산지 P495, 언어판 25)",
fougasse,푸가스,Fougasse,FR,Fougasse (bread),"자동 후보 (원산지 P495, 언어판 25)",
pissaladiere,피살라디에르,Pissaladière,FR,Pissaladière,"자동 후보 (원산지 P495, 언어판 25)",
pont-l-eveque-cheese,퐁레베크,Pont-l'Évêque cheese,FR,Pont-l'Évêque cheese,"자동 후보 (원산지 P495, 언어판 25)",
bleu-de-gex,블뢰 드 젝스,Bleu de Gex,FR,Bleu de Gex,"자동 후보 (원산지 P495, 언어판 24)",
mornay-sauce,모르네 소스,Mornay sauce,FR,Mornay sauce,"자동 후보 (원산지 P495, 언어판 24)",
parisbrest,파리브레스트,Paris–Brest,FR,Paris–Brest,"자동 후보 (원산지 P495, 언어판 24)",
fourme-d-ambert,푸름 당베르,Fourme d'Ambert,FR,Fourme d'Ambert,"자동 후보 (원산지 P495, 언어판 23)",
ossau-iraty,오소이라티,Ossau-Iraty,FR,Ossau-Iraty,"자동 후보 (원산지 P495, 언어판 23)",
palmier,팔미에,Palmier,FR,Palmier,"자동 후보 (원산지 P495, 언어판 23)",
quenelle,크넬,Quenelle,FR,Quenelle,"자동 후보 (원산지 P495, 언어판 23)",
tapenade,타프나드,Tapenade,FR,Tapenade,"자동 후보 (원산지 P495, 언어판 23)",
chaource-cheese,샤우르스,Chaource cheese,FR,Chaource cheese,"자동 후보 (원산지 P495, 언어판 22)",
coulommiers-cheese,쿨로미에 치즈,Coulommiers cheese,FR,Coulommiers cheese,"자동 후보 (원산지 P495, 언어판 22)",
farinata,파리나타,Farinata,FR,Farinata,"자동 후보 (원산지 P495, 언어판 22)",
galette,갈레트,Galette,FR,Galette,"자동 후보 (원산지 P495, 언어판 22)",
cheddar-cheese,체다 치즈,Cheddar cheese,GB,Cheddar cheese,"자동 후보 (원산지 P495, 언어판 60)",
chicken-tikka-masala,치킨 티카 마살라,Chicken tikka masala,GB,Chicken tikka masala,"자동 후보 (원산지 P495, 언어판 48)",
stilton-cheese,스틸턴,Stilton cheese,GB,Stilton cheese,"자동 후보 (원산지 P495, 언어판 40)",
scone,스콘,Scone,GB,Scone,"자동 후보 (원산지 P495, 언어판 39)",
yorkshire-pudding,요크셔 푸딩,Yorkshire pudding,GB,Yorkshire pudding,"자동 후보 (원산지 P495, 언어판 32)",
pasty,패스티,Pasty,GB,Pasty,"자동 후보 (원산지 P495, 언어판 31)",
scotch-egg,스코치 에그,Scotch egg,GB,Scotch egg,"자동 후보 (원산지 P495, 언어판 29)",
fish-finger,피시 핑거,Fish finger,GB,Fish finger,"자동 후보 (원산지 P495, 언어판 28)",
battenberg-cake,배턴버그 케이크,Battenberg cake,GB,Battenberg cake,"자동 후보 (원산지 P495, 언어판 27)",
english-muffin,잉글리시 머핀,English muffin,GB,English muffin,"자동 후보 (원산지 P495, 언어판 27)",
clotted-cream,클로티드 크림,Clotted cream,GB,Clotted cream,"자동 후보 (원산지 P495, 언어판 26)",
welsh-rarebit,웰시 레어빗,Welsh rarebit,GB,Welsh rarebit,"자동 후보 (원산지 P495, 언어판 26)",
gloucester-cheese,글로스터 치즈,Gloucester cheese,GB,Gloucester cheese,"자동 후보 (원산지 P495, 언어판 24)",
mince-pie,민스 파이,Mince pie,GB,Mince pie,"자동 후보 (원산지 P495, 언어판 24)",
banoffee-pie,배노피 파이,Banoffee pie,GB,Banoffee pie,"자동 후보 (원산지 P495, 언어판 23)",
crumble,크럼블,Crumble,GB,Crumble,"자동 후보 (원산지 P495, 언어판 23)",
bubble-and-squeak,버블 앤드 스퀴크,Bubble and squeak,GB,Bubble and squeak,"자동 후보 (원산지 P495, 언어판 22)",
caerphilly-cheese,케어필리 치즈,Caerphilly cheese,GB,Caerphilly cheese,"자동 후보 (원산지 P495, 언어판 22)",
cheshire-cheese,체셔 치즈,Cheshire cheese,GB,Cheshire cheese,"자동 후보 (원산지 P495, 언어판 22)",
oatcake,오트케이크,Oatcake,GB,Oatcake,"자동 후보 (원산지 P495, 언어판 22)",
spotted-dick,스포티드 딕,Spotted dick,GB,Spotted dick,"자동 후보 (원산지 P495, 언어판 22)",
toast-sandwich,토스트 샌드위치,Toast sandwich,GB,Toast sandwich,"자동 후보 (원산지 P495, 언어판 22)",
black-pudding,블랙 푸딩,Black pudding,GB,Black pudding,"자동 후보 (원산지 P495, 언어판 21)",
hot-cross-bun,핫 크로스 번,Hot cross bun,GB,Hot cross bun,"자동 후보 (원산지 P495, 언어판 21)",
toad-in-the-hole,토드 인 더 홀,Toad in the hole,GB,Toad in the hole,"자동 후보 (원산지 P495, 언어판 21)",
digestive-biscuit,다이제스티브 비스킷,Digestive biscuit,GB,Digestive biscuit,"자동 후보 (원산지 P495, 언어판 20)",
english-breakfast-tea,잉글리시 브렉퍼스트 티,English breakfast tea,GB,English breakfast tea,"자동 후보 (원산지 P495, 언어판 20)",
kedgeree,케저리,Kedgeree,GB,Kedgeree,"자동 후보 (원산지 P495, 언어판 20)",
coronation-chicken,코로네이션 치킨,Coronation chicken,GB,Coronation chicken,"자동 후보 (원산지 P495, 언어판 19)",
crumpet,크럼펫,Crumpet,GB,Crumpet,"자동 후보 (원산지 P495, 언어판 19)",
shortcake,쇼트케이크,Shortcake,GB,Shortcake,"자동 후보 (원산지 P495, 언어판 19)",
eton-mess,이튼 메스,Eton mess,GB,Eton mess,"자동 후보 (원산지 P495, 언어판 18)",
red-leicester,레드 레스터,Red Leicester,GB,Red Leicester,"자동 후보 (원산지 P495, 언어판 18)",
bakewell-tart,베이크웰 타르트,Bakewell tart,GB,Bakewell tart,"자동 후보 (원산지 P495, 언어판 17)",
bangers-and-mash,뱅어스 앤드 매시,Bangers and mash,GB,Bangers and mash,"자동 후보 (원산지 P495, 언어판 17)",
wine-gum,와인 검,Wine gum,GB,Wine gum,"자동 후보 (원산지 P495, 언어판 17)",
bread-sauce,브레드 소스,Bread sauce,GB,Bread sauce,"자동 후보 (원산지 P495, 언어판 16)",
faggot,패곳,Faggot,GB,Faggot (food),"자동 후보 (원산지 P495, 언어판 16)",
flapjack,플랩잭,Flapjack,GB,Flapjack (oat bar),"자동 후보 (원산지 P495, 언어판 16)",
lancashire-cheese,랭커셔 치즈,Lancashire cheese,GB,Lancashire cheese,"자동 후보 (원산지 P495, 언어판 16)",
gobstopper,고브스토퍼,Gobstopper,GB,Gobstopper,"자동 후보 (원산지 P495, 언어판 15)",
steak-and-kidney-pie,스테이크 앤드 키드니 파이,Steak and kidney pie,GB,Steak and kidney pie,"자동 후보 (원산지 P495, 언어판 15)",
cheese-on-toast,치즈 토스트,Cheese on toast,GB,Cheese on toast,"자동 후보 (원산지 P495, 언어판 14)",
cucumber-sandwich,오이 샌드위치,Cucumber sandwich,GB,Cucumber sandwich,"자동 후보 (원산지 P495, 언어판 14)",
madeira-cake,마데이라 케이크,Madeira cake,GB,Madeira cake,"자동 후보 (원산지 P495, 언어판 14)",
shropshire-blue,슈롭셔 블루,Shropshire Blue,GB,Shropshire Blue,"자동 후보 (원산지 P495, 언어판 14)",
simnel-cake,심넬 케이크,Simnel cake,GB,Simnel cake,"자동 후보 (원산지 P495, 언어판 14)",
bacon-sandwich,베이컨 샌드위치,Bacon sandwich,GB,Bacon sandwich,"자동 후보 (원산지 P495, 언어판 13)",
teacake,티케이크,Teacake,GB,Teacake,"자동 후보 (원산지 P495, 언어판 13)",
wensleydale-cheese,웬즐리데일 치즈,Wensleydale cheese,GB,Wensleydale cheese,"자동 후보 (원산지 P495, 언어판 13)",
banbury-cake,밴버리 케이크,Banbury cake,GB,Banbury cake,"자동 후보 (원산지 P495, 언어판 12)",
bread-and-butter-pudding,브레드 앤드 버터 푸딩,Bread and butter pudding,GB,Bread and butter pudding,"자동 후보 (원산지 P495, 언어판 12)",
chelsea-bun,첼시 번,Chelsea bun,GB,Chelsea bun,"자동 후보 (원산지 P495, 언어판 12)",
flummery,플러머리,Flummery,GB,Flummery,"자동 후보 (원산지 P495, 언어판 12)",
fruit-fool,프루트 풀,Fruit fool,GB,Fruit fool,"자동 후보 (원산지 P495, 언어판 12)",
ham-sandwich,햄 샌드위치,Ham sandwich,GB,Ham sandwich,"자동 후보 (원산지 P495, 언어판 12)",
lancashire-hotpot,랭커셔 핫팟,Lancashire hotpot,GB,Lancashire hotpot,"자동 후보 (원산지 P495, 언어판 12)",
pan-loaf,식빵,Pan loaf,GB,Pan loaf,"자동 후보 (원산지 P495, 언어판 12)",
ploughman-s-lunch,플라우먼스 런치,Ploughman's lunch,GB,Ploughman's lunch,"자동 후보 (원산지 P495, 언어판 12)",
sage-derby,세이지 더비,Sage Derby,GB,Sage Derby,"자동 후보 (원산지 P495, 언어판 12)",
chicken-and-mushroom-pie,치킨 앤드 머시룸 파이,Chicken and mushroom pie,GB,Chicken and mushroom pie,"자동 후보 (원산지 P495, 언어판 11)",
jellied-eels,장어 젤리,Jellied eels,GB,Jellied eels,"자동 후보 (원산지 P495, 언어판 11)",
potato-waffle,감자 와플,Potato waffle,GB,Potato waffle,"자동 후보 (원산지 P495, 언어판 11)",
steak-pie,스테이크 파이,Steak pie,GB,Steak pie,"자동 후보 (원산지 P495, 언어판 11)",
sticky-toffee-pudding,스티키 토피 푸딩,Sticky toffee pudding,GB,Sticky toffee pudding,"자동 후보 (원산지 P495, 언어판 11)",
tea-sandwich,티 샌드위치,Tea sandwich,GB,Tea sandwich,"자동 후보 (원산지 P495, 언어판 11)",
treacle-tart,트리클 타르트,Treacle tart,GB,Treacle tart,"자동 후보 (원산지 P495, 언어판 11)",
bonchester-cheese,본체스터 치즈,Bonchester cheese,GB,Bonchester cheese,"자동 후보 (원산지 P495, 언어판 10)",
summer-pudding,서머 푸딩,Summer pudding,GB,Summer pudding,"자동 후보 (원산지 P495, 언어판 10)",
arctic-roll,아크틱 롤,Arctic roll,GB,Arctic roll,"자동 후보 (원산지 P495, 언어판 9)",
bath-bun,바스 번,Bath bun,GB,Bath bun,"자동 후보 (원산지 P495, 언어판 9)",
bird-s-custard,버즈 커스터드,Bird's Custard,GB,Bird's Custard,"자동 후보 (원산지 P495, 언어판 9)",
caboc,카복,Caboc,GB,Caboc,"자동 후보 (원산지 P495, 언어판 9)",
fish-pie,피시파이,Fish pie,GB,Fish pie,"자동 후보 (원산지 P495, 언어판 9)",
kendal-mint-cake,켄들 민트 케이크,Kendal Mint Cake,GB,Kendal Mint Cake,"자동 후보 (원산지 P495, 언어판 9)",
knickerbocker-glory,니커보커 글로리,Knickerbocker glory,GB,Knickerbocker glory,"자동 후보 (원산지 P495, 언어판 9)",
mushy-peas,머시 피,Mushy peas,GB,Mushy peas,"자동 후보 (원산지 P495, 언어판 9)",
sussex-pond-pudding,서식스 폰드 푸딩,Sussex pond pudding,GB,Sussex pond pudding,"자동 후보 (원산지 P495, 언어판 9)",
99-flake,99 플레이크,99 Flake,GB,99 Flake,"자동 후보 (원산지 P495, 언어판 8)",
angel-cake,엔젤 케이크,Angel cake,GB,Angel cake,"자동 후보 (원산지 P495, 언어판 8)",
cottage-loaf,코티지 로프,Cottage loaf,GB,Cottage loaf,"자동 후보 (원산지 P495, 언어판 8)",
crisp-sandwich,크리스프 샌드위치,Crisp sandwich,GB,Crisp sandwich,"자동 후보 (원산지 P495, 언어판 8)",
devils-on-horseback,데블스 온 호스백,Devils on horseback,GB,Devils on horseback,"자동 후보 (원산지 P495, 언어판 8)",
dorset-blue-vinney,도싯 블루 비니,Dorset Blue Vinney,GB,Dorset Blue Vinney,"자동 후보 (원산지 P495, 언어판 8)",
jelly-babies,젤리 베이비,Jelly Babies,GB,Jelly Babies,"자동 후보 (원산지 P495, 언어판 8)",
parkin,파킨,Parkin,GB,Parkin (cake),"자동 후보 (원산지 P495, 언어판 8)",
ajika,아지카,Ajika,GE,Ajika,"자동 후보 (원산지 P495, 언어판 39)",
kharcho,하르초,Kharcho,GE,Kharcho,"자동 후보 (원산지 P495, 언어판 31)",
tkemali,트케말리,Tkemali,GE,Tkemali,"자동 후보 (원산지 P495, 언어판 31)",
sulguni,술구니,Sulguni,GE,Sulguni,"자동 후보 (원산지 P495, 언어판 25)",
matzoon,마춘,Matzoon,GE,Matzoon,"자동 후보 (원산지 P495, 언어판 23)",
tarkhuna,타르후나,Tarkhuna,GE,Tarkhuna,"자동 후보 (원산지 P495, 언어판 22)",
shoti,쇼티,Shoti,GE,Shoti,"자동 후보 (원산지 P495, 언어판 20)",
gozinaki,고지나키,Gozinaki,GE,Gozinaki,"자동 후보 (원산지 P495, 언어판 19)",
chakhokhbili,차호흐빌리,Chakhokhbili,GE,Chakhokhbili,"자동 후보 (원산지 P495, 언어판 18)",
chanakhi,차나히,Chanakhi,GE,Chanakhi,"자동 후보 (원산지 P495, 언어판 18)",
kupati,쿠파티,Kupati,GE,Kupati,"자동 후보 (원산지 P495, 언어판 17)",
chikhirtma,치히르트마,Chikhirtma,GE,Chikhirtma,"자동 후보 (원산지 P495, 언어판 16)",
kubdari,쿠브다리,Kubdari,GE,Kubdari,"자동 후보 (원산지 P495, 언어판 16)",
mchadi,므차디,Mchadi,GE,Mchadi,"자동 후보 (원산지 P495, 언어판 14)",
chicken-tabaka,치킨 타바카,Chicken tabaka,GE,Chicken tabaka,"자동 후보 (원산지 P495, 언어판 13)",
chashushuli,차슈슐리,Chashushuli,GE,Chashushuli,"자동 후보 (원산지 P495, 언어판 12)",
lobiani,로비아니,Lobiani,GE,Lobiani,"자동 후보 (원산지 P495, 언어판 12)",
satsebeli,사체벨리,Satsebeli,GE,Satsebeli,"자동 후보 (원산지 P495, 언어판 10)",
shkmeruli,시크메룰리,Shkmeruli,GE,Shkmeruli,"자동 후보 (원산지 P495, 언어판 10)",
tonis-puri,토니스 푸리,Tonis puri,GE,Tonis puri,"자동 후보 (원산지 P495, 언어판 9)",
elarji,엘라르지,Elarji,GE,Elarji,"자동 후보 (원산지 P495, 언어판 8)",
kuchmachi,쿠치마치,Kuchmachi,GE,Kuchmachi,"자동 후보 (원산지 P495, 언어판 8)",
muzhuzhi,무주지,Muzhuzhi,GE,Muzhuzhi,"자동 후보 (원산지 P495, 언어판 7)",
pelamushi,펠라무시,Pelamushi,GE,Pelamushi,"자동 후보 (원산지 P495, 언어판 7)",
tenili,테닐리,Tenili,GE,Tenili,"자동 후보 (원산지 P495, 언어판 7)",
akara,아카라,Akara,GH,Akara,"자동 후보 (원산지 P495, 언어판 33)",
waakye,와체,Waakye,GH,Waakye,"자동 후보 (원산지 P495, 언어판 17)",
banku,반쿠,Banku,GH,Banku (dish),"자동 후보 (원산지 P495, 언어판 16)",
kenkey,켄케이,Kenkey,GH,Kenkey,"자동 후보 (원산지 P495, 언어판 13)",
kokonte,코콘테,Kokonte,GH,Kokonte,"자동 후보 (원산지 P495, 언어판 13)",
omo-tuo,오모 투오,Omo tuo,GH,Omo tuo,"자동 후보 (원산지 P495, 언어판 11)",
brukina,브루키나,Brukina,GH,Brukina,"자동 후보 (원산지 P495, 언어판 10)",
kpekpele,크페크펠레,Kpekpele,GH,Kpekpele,"자동 후보 (원산지 P495, 언어판 9)",
kube-cake,쿠베 케이크,Kube Cake,GH,Kube Cake,"자동 후보 (원산지 P495, 언어판 9)",
red-red,레드 레드,Red red,GH,Red red,"자동 후보 (원산지 P495, 언어판 9)",
tubaani,투바니,Tubaani,GH,Tubaani,"자동 후보 (원산지 P495, 언어판 9)",
wasawasa,와사와사,Wasawasa,GH,Wasawasa,"자동 후보 (원산지 P495, 언어판 9)",
abunuabunu,아부누아부누,Abunuabunu,GH,Abunuabunu,"자동 후보 (원산지 P495, 언어판 8)",
asaana,아사나,Asaana,GH,Asaana,"자동 후보 (원산지 P495, 언어판 8)",
mpoto-mpoto,음포토 음포토,Mpoto mpoto,GH,Mpoto mpoto,"자동 후보 (원산지 P495, 언어판 8)",
plakali,플라칼리,Plakali,GH,Plakali,"자동 후보 (원산지 P495, 언어판 8)",
aprapransa,아프라프란사,Aprapransa,GH,Aprapransa,"자동 후보 (원산지 P495, 언어판 7)",
etor,에토,Etor,GH,Etor,"자동 후보 (원산지 P495, 언어판 7)",
gari-and-beans,가리 앤 빈스,Gari and beans,GH,Gari and beans,"자동 후보 (원산지 P495, 언어판 7)",
nkatie-cake,은카티 케이크,Nkatie cake,GH,Nkatie cake,"자동 후보 (원산지 P495, 언어판 7)",
palaver-sauce,팔라버 소스,Palaver sauce,GH,Palaver sauce,"자동 후보 (원산지 P495, 언어판 7)",
poloo,폴루,Poloo,GH,Poloo,"자동 후보 (원산지 P495, 언어판 7)",
ice-kenkey,아이스 켄키,Ice kenkey,GH,Ice kenkey,"자동 후보 (원산지 P495, 언어판 5)",
koko,코코,Koko,GH,Koko (millet porridge),"자동 후보 (분류 Ghanaian cuisine, 언어판 10)",
agbeli-kaklo,아그벨리 카클로,Agbeli Kaklo,GH,Agbeli Kaklo,"자동 후보 (분류 Ghanaian cuisine, 언어판 9)",
feta,페타,Feta,GR,Feta,"자동 후보 (원산지 P495, 언어판 62)",
frappe-coffee,프라페,Frappé coffee,GR,Frappé coffee,"자동 후보 (원산지 P495, 언어판 39)",
taramasalata,타라모살라타,Taramasalata,GR,Taramasalata,"자동 후보 (원산지 P495, 언어판 29)",
avgolemono,아브고레모노,Avgolemono,GR,Avgolemono,"자동 후보 (원산지 P495, 언어판 28)",
saganaki,사가나키,Saganaki,GR,Saganaki,"자동 후보 (원산지 P495, 언어판 27)",
savory-spinach-pie,스파나코피타,Savory spinach pie,GR,Savory spinach pie,"자동 후보 (원산지 P495, 언어판 27)",
stuffed-leaves,돌마데스,Stuffed leaves,GR,Stuffed leaves,"자동 후보 (원산지 P495, 언어판 27)",
skordalia,스코르달리아,Skordalia,GR,Skordalia,"자동 후보 (원산지 P495, 언어판 25)",
pastitsio,파스티치오,Pastitsio,GR,Pastitsio,"자동 후보 (원산지 P495, 언어판 24)",
fasolada,파솔라다,Fasolada,GR,Fasolada,"자동 후보 (원산지 P495, 언어판 23)",
kefalotyri,케팔로티리,Kefalotyri,GR,Kefalotyri,"자동 후보 (원산지 P495, 언어판 22)",
bougatsa,부가차,Bougatsa,GR,Bougatsa,"자동 후보 (원산지 P495, 언어판 20)",
kasseri,카세리,Kasseri,GR,Kasseri,"자동 후보 (원산지 P495, 언어판 20)",
magiritsa,마이리차,Magiritsa,GR,Magiritsa,"자동 후보 (원산지 P495, 언어판 20)",
black-soup,멜라스 조모스,Black soup,GR,Black soup,"자동 후보 (원산지 P495, 언어판 19)",
melomakarono,멜로마카로노,Melomakarono,GR,Melomakarono,"자동 후보 (원산지 P495, 언어판 19)",
tiropita,티로피타,Tiropita,GR,Tiropita,"자동 후보 (원산지 P495, 언어판 18)",
graviera,그라비에라,Graviera,GR,Graviera,"자동 후보 (원산지 P495, 언어판 17)",
koulourakia,쿨루라키아,Koulourakia,GR,Koulourakia,"자동 후보 (원산지 P495, 언어판 17)",
kourabiedes,쿠라비에데스,Kourabiedes,GR,Kourabiedes,"자동 후보 (원산지 P495, 언어판 16)",
mizithra,미지트라,Mizithra,GR,Mizithra,"자동 후보 (원산지 P495, 언어판 16)",
dakos,다코스,Dakos,GR,Dakos,"자동 후보 (원산지 P495, 언어판 15)",
vasilopita,바실로피타,Vasilopita,GR,Vasilopita,"자동 후보 (원산지 P495, 언어판 15)",
diples,디플레스,Diples,GR,Diples,"자동 후보 (원산지 P495, 언어판 14)",
manouri,마누리,Manouri,GR,Manouri,"자동 후보 (원산지 P495, 언어판 14)",
kefalograviera,케팔로그라비에라,Kefalograviera,GR,Kefalograviera,"자동 후보 (원산지 P495, 언어판 12)",
loukaniko,루카니코,Loukaniko,GR,Loukaniko,"자동 후보 (원산지 P495, 언어판 12)",
kopanisti,코파니스티,Kopanisti,GR,Kopanisti,"자동 후보 (원산지 P495, 언어판 11)",
tirokafteri,티로카프테리,Tirokafteri,GR,Tirokafteri,"자동 후보 (원산지 P495, 언어판 11)",
portokalopita,포르토칼로피타,Portokalopita,GR,Portokalopita,"자동 후보 (원산지 P495, 언어판 10)",
anthotyros,안토티로스,Anthotyros,GR,Anthotyros,"자동 후보 (원산지 P495, 언어판 9)",
giouvetsi,유베치,Giouvetsi,GR,Giouvetsi,"자동 후보 (원산지 P495, 언어판 9)",
ladotyri-mytilinis,라도티리 미틸리니스,Ladotyri Mytilinis,GR,Ladotyri Mytilinis,"자동 후보 (원산지 P495, 언어판 9)",
fiambre,피암브레,Fiambre,GT,Fiambre,"자동 후보 (원산지 P495, 언어판 6)",
kak-ik,카키크,Kak'ik,GT,Kak'ik,"자동 후보 (원산지 P495, 언어판 5)",
chimol,치몰,Chimol,GT,Chimol,"자동 후보 (원산지 P495, 언어판 4)",
pholourie,폴로리,Pholourie,GY,Pholourie,"자동 후보 (원산지 P495, 언어판 6)",
macheteada,마체테아다,Macheteada,HN,Macheteada,"자동 후보 (분류 Honduran cuisine, 언어판 2)",
licitar,리치타르,Licitar,HR,Licitar,"자동 후보 (원산지 P495, 언어판 28)",
pinca,핀차,Pinca,HR,Pinca,"자동 후보 (원산지 P495, 언어판 16)",
pag-cheese,파그 치즈,Pag cheese,HR,Pag cheese,"자동 후보 (원산지 P495, 언어판 15)",
zagorski-strukli,자고르스키 슈트루클리,Zagorski štrukli,HR,Zagorski štrukli,"자동 후보 (원산지 P495, 언어판 14)",
mlinci,믈린치,Mlinci,HR,Mlinci,"자동 후보 (원산지 P495, 언어판 13)",
pasticada,파슈티차다,Pašticada,HR,Pašticada,"자동 후보 (원산지 P495, 언어판 12)",
soparnik,소파르니크,Soparnik,HR,Soparnik,"자동 후보 (원산지 P495, 언어판 12)",
jota,요타,Jota,HR,Jota (food),"자동 후보 (원산지 P495, 언어판 11)",
fritaja,프리타야,Fritaja,HR,Fritaja,"자동 후보 (원산지 P495, 언어판 8)",
rab-cake,라브 케이크,Rab cake,HR,Rab cake,"자동 후보 (원산지 P495, 언어판 8)",
prsut,프르슈트,Pršut,HR,Pršut,"자동 후보 (원산지 P495, 언어판 5)",
basa,바사,Basa,HR,Basa (cheese),"자동 후보 (원산지 P495, 언어판 4)",
paprenjak,파프레냐크,Paprenjak,HR,Paprenjak,"자동 후보 (원산지 P495, 언어판 3)",
paski-baskotin,파슈키 바슈코틴,Paški baškotin,HR,Paški baškotin,"자동 후보 (원산지 P495, 언어판 3)",
slavonian-honey,슬라보니아 꿀,Slavonian honey,HR,Slavonian honey,"자동 후보 (원산지 P495, 언어판 2)",
meimurska-gibanica,메지무르스카 기바니차,Međimurska gibanica,HR,Međimurska gibanica,"자동 후보 (분류 Croatian cuisine, 언어판 10)",
kotlovina,코틀로비나,Kotlovina,HR,Kotlovina,"자동 후보 (분류 Croatian cuisine, 언어판 9)",
turos,투로시,Turoš,HR,Turoš,"자동 후보 (분류 Croatian cuisine, 언어판 6)",
croatian-bean-soup,크로아티아 콩 수프,Croatian bean soup,HR,Croatian bean soup,"자동 후보 (분류 Croatian cuisine, 언어판 3)",
cesnjovka,체슈뇨브카,Češnjovka,HR,Češnjovka,"자동 후보 (분류 Croatian cuisine, 언어판 3)",
soup-joumou,수프 주무,Soup joumou,HT,Soup joumou,"자동 후보 (원산지 P495, 언어판 21)",
mud-cookie,진흙 쿠키,Mud cookie,HT,Mud cookie,"자동 후보 (원산지 P495, 언어판 14)",
akasan,아카상,Akasan,HT,Akasan,"자동 후보 (원산지 P495, 언어판 4)",
haitian-spaghetti,아이티식 스파게티,Haitian spaghetti,HT,Haitian spaghetti,"자동 후보 (원산지 P495, 언어판 4)",
haitian-patty,파테,Haitian patty,HT,Haitian patty,"자동 후보 (원산지 P495, 언어판 2)",
epis,에피스,Epis,HT,Epis,"자동 후보 (분류 Haitian cuisine, 언어판 6)",
tchaka,차카,Tchaka,HT,Tchaka,"자동 후보 (분류 Haitian cuisine, 언어판 4)",
langos,랑고시,Lángos,HU,Lángos,"자동 후보 (원산지 P495, 언어판 41)",
dobos-torte,도보시 토르터,Dobos torte,HU,Dobos torte,"자동 후보 (원산지 P495, 언어판 39)",
porkolt,푀르쾰트,Pörkölt,HU,Pörkölt,"자동 후보 (원산지 P495, 언어판 24)",
fisherman-s-soup,헐라슬레,Fisherman's soup,HU,Fisherman's soup,"자동 후보 (원산지 P495, 언어판 23)",
chicken-paprikash,퍼프리카시 치르케,Chicken paprikash,HU,Chicken paprikash,"자동 후보 (원산지 P495, 언어판 22)",
esterhazy-torte,에스테르하지 토르터,Esterházy torte,HU,Esterházy torte,"자동 후보 (원산지 P495, 언어판 22)",
tarhonya,터르호녀,Tarhonya,HU,Tarhonya,"자동 후보 (원산지 P495, 언어판 22)",
kolach-hu,콜라치,Kolach,HU,Kolach (bread),"자동 후보 (원산지 P495, 언어판 21)",
winter-salami,윈터 살라미,Winter salami,HU,Winter salami,"자동 후보 (원산지 P495, 언어판 21)",
szaloncukor,설론추코르,Szaloncukor,HU,Szaloncukor,"자동 후보 (원산지 P495, 언어판 18)",
turo-rudi,투로 루디,Túró Rudi,HU,Túró Rudi,"자동 후보 (원산지 P495, 언어판 17)",
hortobagyi-palacsinta,호르토바지 펄러친터,Hortobágyi palacsinta,HU,Hortobágyi palacsinta,"자동 후보 (원산지 P495, 언어판 16)",
sour-cherry-soup,사워체리 수프,Sour cherry soup,HU,Sour cherry soup,"자동 후보 (원산지 P495, 언어판 16)",
arany-galuska,어러니 갈루슈커,Arany galuska,HU,Arany galuska,"자동 후보 (원산지 P495, 언어판 14)",
fatanyeros,퍼타녜로시,Fatányéros,HU,Fatányéros,"자동 후보 (원산지 P495, 언어판 12)",
rigojancsi,리고연치,Rigójancsi,HU,Rigójancsi,"자동 후보 (원산지 P495, 언어판 12)",
gulyasleves,구야시레베시,Gulyásleves,HU,Gulyásleves,"자동 후보 (원산지 P495, 언어판 11)",
szekelykaposzta,세켈리카포스타,Székelykáposzta,HU,Székelykáposzta,"자동 후보 (원산지 P495, 언어판 10)",
turos-csusza,투로시 추서,Túrós csusza,HU,Túrós csusza,"자동 후보 (원산지 P495, 언어판 10)",
jokai-bean-soup,요커이버브레베시,Jókai bean soup,HU,Jókai bean soup,"자동 후보 (원산지 P495, 언어판 8)",
rakott-krumpli,러코트 크룸플리,Rakott krumpli,HU,Rakott krumpli,"자동 후보 (원산지 P495, 언어판 8)",
paloc-soup,팔로츠 수프,Palóc soup,HU,Palóc soup,"자동 후보 (원산지 P495, 언어판 7)",
brassoi-apropecsenye,브라쇼이 아프로페첸녜,Brassói aprópecsenye,HU,Brassói aprópecsenye,"자동 후보 (원산지 P495, 언어판 6)",
palpusztai-cheese,팔푸스터이 치즈,Pálpusztai cheese,HU,Pálpusztai cheese,"자동 후보 (원산지 P495, 언어판 6)",
diplomat-pudding,디플로매트 푸딩,Diplomat pudding,HU,Diplomat pudding,"자동 후보 (원산지 P495, 언어판 5)",
fank,판크,Fánk,HU,Fánk,"자동 후보 (원산지 P495, 언어판 5)",
kopi-luwak,코피 루왁,Kopi luwak,ID,Kopi luwak,"자동 후보 (원산지 P495, 언어판 54)",
sambal,삼발,Sambal,ID,Sambal,"자동 후보 (원산지 P495, 언어판 37)",
rojak,루작,Rojak,ID,Rojak,"자동 후보 (원산지 P495, 언어판 31)",
cendol,첸돌,Cendol,ID,Cendol,"자동 후보 (원산지 P495, 언어판 28)",
lemang,르망,Lemang,ID,Lemang,"자동 후보 (원산지 P495, 언어판 27)",
rawon,라원,Rawon,ID,Rawon,"자동 후보 (원산지 P495, 언어판 24)",
bakso,박소,Bakso,ID,Bakso,"자동 후보 (원산지 P495, 언어판 22)",
krupuk,크루푹,Krupuk,ID,Krupuk,"자동 후보 (원산지 P495, 언어판 21)",
lontong,론통,Lontong,ID,Lontong,"자동 후보 (원산지 P495, 언어판 21)",
dodol,도돌,Dodol,ID,Dodol,"자동 후보 (원산지 P495, 언어판 20)",
gulai,굴라이,Gulai,ID,Gulai,"자동 후보 (원산지 P495, 언어판 20)",
tumpeng,툼펭,Tumpeng,ID,Tumpeng,"자동 후보 (원산지 P495, 언어판 20)",
lapis-legit,라피스 레기트,Lapis legit,ID,Lapis legit,"자동 후보 (원산지 P495, 언어판 19)",
nasi-uduk,나시 우둑,Nasi uduk,ID,Nasi uduk,"자동 후보 (원산지 P495, 언어판 19)",
pecel,페첼,Pecel,ID,Pecel,"자동 후보 (원산지 P495, 언어판 19)",
tapai,타파이,Tapai,ID,Tapai,"자동 후보 (원산지 P495, 언어판 19)",
acar,아차르,Acar,ID,Acar,"자동 후보 (원산지 P495, 언어판 18)",
asam-pedas,아삼 프다스,Asam pedas,ID,Asam pedas,"자동 후보 (원산지 P495, 언어판 18)",
bakmi,박미,Bakmi,ID,Bakmi,"자동 후보 (원산지 P495, 언어판 18)",
gudeg,구득,Gudeg,ID,Gudeg,"자동 후보 (원산지 P495, 언어판 18)",
kerak-telor,크락 틀로르,Kerak telor,ID,Kerak telor,"자동 후보 (원산지 P495, 언어판 18)",
klepon,클레폰,Klepon,ID,Klepon,"자동 후보 (원산지 P495, 언어판 18)",
martabak-manis,마르타바크 마니스,Martabak manis,ID,Martabak manis,"자동 후보 (원산지 P495, 언어판 18)",
soto-ayam,소토 아얌,Soto ayam,ID,Soto ayam,"자동 후보 (원산지 P495, 언어판 18)",
bakpia,박피아,Bakpia,ID,Bakpia,"자동 후보 (원산지 P495, 언어판 17)",
kue-lapis,쿠에 라피스,Kue lapis,ID,Kue lapis,"자동 후보 (원산지 P495, 언어판 17)",
nagasari,나가사리,Nagasari,ID,Nagasari,"자동 후보 (원산지 P495, 언어판 17)",
nasi-kuning,나시 쿠닝,Nasi kuning,ID,Nasi kuning,"자동 후보 (원산지 P495, 언어판 17)",
pandan-cake,판단 케이크,Pandan cake,ID,Pandan cake,"자동 후보 (원산지 P495, 언어판 17)",
peanut-sauce,땅콩 소스,Peanut sauce,ID,Peanut sauce,"자동 후보 (원산지 P495, 언어판 17)",
ayam-goreng,아얌 고렝,Ayam goreng,ID,Ayam goreng,"자동 후보 (원산지 P495, 언어판 16)",
bubur-ayam,부부르 아얌,Bubur ayam,ID,Bubur ayam,"자동 후보 (원산지 P495, 언어판 16)",
ikan-bakar,이칸 바카르,Ikan bakar,ID,Ikan bakar,"자동 후보 (원산지 P495, 언어판 16)",
ketoprak,케토프락,Ketoprak,ID,Ketoprak (dish),"자동 후보 (원산지 P495, 언어판 16)",
mie-goreng,미고렝,Mie goreng,ID,Mie goreng,"자동 후보 (원산지 P495, 언어판 16)",
otak-otak,오탁오탁,Otak-otak,ID,Otak-otak,"자동 후보 (원산지 P495, 언어판 16)",
serundeng,스룬뎅,Serundeng,ID,Serundeng,"자동 후보 (원산지 P495, 언어판 16)",
bika-ambon,비카 암본,Bika ambon,ID,Bika ambon,"자동 후보 (원산지 P495, 언어판 15)",
dadiah,다디아,Dadiah,ID,Dadiah,"자동 후보 (원산지 P495, 언어판 15)",
nasi-campur,나시 참푸르,Nasi campur,ID,Nasi campur,"자동 후보 (원산지 P495, 언어판 15)",
papeda,파페다,Papeda,ID,Papeda (food),"자동 후보 (원산지 P495, 언어판 15)",
serabi,스라비,Serabi,ID,Serabi,"자동 후보 (원산지 P495, 언어판 15)",
sweet-soy-sauce,케찹 마니스,Sweet soy sauce,ID,Sweet soy sauce,"자동 후보 (원산지 P495, 언어판 15)",
teh-talua,테 탈루아,Teh talua,ID,Teh talua,"자동 후보 (원산지 P495, 언어판 15)",
bubur-kacang-hijau,부부르 카창 히자우,Bubur kacang hijau,ID,Bubur kacang hijau,"자동 후보 (원산지 P495, 언어판 14)",
kolak,콜락,Kolak,ID,Kolak (food),"자동 후보 (원산지 P495, 언어판 14)",
pempek,펨펙,Pempek,ID,Pempek,"자동 후보 (원산지 P495, 언어판 14)",
perkedel,프르크델,Perkedel,ID,Perkedel,"자동 후보 (원산지 P495, 언어판 14)",
tahu-gejrot,타후 그즈롯,Tahu gejrot,ID,Tahu gejrot,"자동 후보 (원산지 P495, 언어판 14)",
urap,우랍,Urap,ID,Urap,"자동 후보 (원산지 P495, 언어판 14)",
asinan,아시난,Asinan,ID,Asinan,"자동 후보 (원산지 P495, 언어판 13)",
ayam-bakar,아얌 바카르,Ayam bakar,ID,Ayam bakar,"자동 후보 (원산지 P495, 언어판 13)",
ayam-pop,아얌 폽,Ayam pop,ID,Ayam pop,"자동 후보 (원산지 P495, 언어판 13)",
bandrek,반드렉,Bandrek,ID,Bandrek,"자동 후보 (원산지 P495, 언어판 13)",
bumbu,붐부,Bumbu,ID,Bumbu (seasoning),"자동 후보 (원산지 P495, 언어판 13)",
coto-makassar,초토 마카사르,Coto makassar,ID,Coto makassar,"자동 후보 (원산지 P495, 언어판 13)",
emping,음핑,Emping,ID,Emping,"자동 후보 (원산지 P495, 언어판 13)",
nasi-padang,나시 파당,Nasi padang,ID,Nasi padang,"자동 후보 (원산지 P495, 언어판 13)",
plecing-kangkung,플레칭 캉쿵,Plecing kangkung,ID,Plecing kangkung,"자동 후보 (원산지 P495, 언어판 13)",
roti-buaya,로티 부아야,Roti buaya,ID,Roti buaya,"자동 후보 (원산지 P495, 언어판 13)",
sayur-asem,사유르 아섬,Sayur asem,ID,Sayur asem,"자동 후보 (원산지 P495, 언어판 13)",
seblak,스블락,Seblak,ID,Seblak,"자동 후보 (원산지 P495, 언어판 13)",
soto-padang,소토 파당,Soto padang,ID,Soto padang,"자동 후보 (원산지 P495, 언어판 13)",
ayam-taliwang,아얌 탈리왕,Ayam Taliwang,ID,Ayam Taliwang,"자동 후보 (원산지 P495, 언어판 12)",
bir-pletok,비르 플레톡,Bir pletok,ID,Bir pletok,"자동 후보 (원산지 P495, 언어판 12)",
oncom,온촘,Oncom,ID,Oncom,"자동 후보 (원산지 P495, 언어판 12)",
sayur-lodeh,사유르 로데,Sayur lodeh,ID,Sayur lodeh,"자동 후보 (원산지 P495, 언어판 12)",
semur,스무르,Semur,ID,Semur (Indonesian stew),"자동 후보 (원산지 P495, 언어판 12)",
soto-mi,소토미,Soto mi,ID,Soto mi,"자동 후보 (원산지 P495, 언어판 12)",
tahu-sumedang,타후 수메당,Tahu sumedang,ID,Tahu sumedang,"자동 후보 (원산지 P495, 언어판 12)",
tempoyak,템포약,Tempoyak,ID,Tempoyak,"자동 후보 (원산지 P495, 언어판 12)",
wajik,와직,Wajik,ID,Wajik,"자동 후보 (원산지 P495, 언어판 12)",
ayam-kecap,아얌 크찹,Ayam kecap,ID,Ayam kecap,"자동 후보 (원산지 P495, 언어판 11)",
babi-panggang,바비 팡강,Babi panggang,ID,Babi panggang,"자동 후보 (원산지 P495, 언어판 11)",
balado,발라도,Balado,ID,Balado (food),"자동 후보 (원산지 P495, 언어판 11)",
batagor,바타고르,Batagor,ID,Batagor,"자동 후보 (원산지 P495, 언어판 11)",
betutu,브투투,Betutu,ID,Betutu,"자동 후보 (원산지 P495, 언어판 11)",
shepherd-s-pie,셰퍼드 파이,Shepherd's pie,IE,Shepherd's pie,"자동 후보 (원산지 P495, 언어판 29)",
colcannon,콜캐넌,Colcannon,IE,Colcannon,"자동 후보 (원산지 P495, 언어판 28)",
brown-bread,브라운 브레드,Brown bread,IE,Brown bread,"자동 후보 (원산지 P495, 언어판 24)",
boxty,박스티,Boxty,IE,Boxty,"자동 후보 (원산지 P495, 언어판 19)",
barmbrack,밤브랙,Barmbrack,IE,Barmbrack,"자동 후보 (원산지 P495, 언어판 18)",
blaa,블라,Blaa,IE,Blaa,"자동 후보 (원산지 P495, 언어판 14)",
champ,챔프,Champ,IE,Champ (food),"자동 후보 (원산지 P495, 언어판 11)",
breakfast-roll,브렉퍼스트 롤,Breakfast roll,IE,Breakfast roll,"자동 후보 (원산지 P495, 언어판 10)",
bacon-and-cabbage,베이컨 앤드 캐비지,Bacon and cabbage,IE,Bacon and cabbage,"자동 후보 (원산지 P495, 언어판 9)",
chicken-fillet-roll,치킨 필레 롤,Chicken fillet roll,IE,Chicken fillet roll,"자동 후보 (원산지 P495, 언어판 7)",
goody,구디,Goody,IE,Goody (food),"자동 후보 (원산지 P495, 언어판 7)",
jambon,잠봉,Jambon,IE,Jambon,"자동 후보 (원산지 P495, 언어판 7)",
croffle,크로플,Croffle,IE,Croffle,"자동 후보 (원산지 P495, 언어판 6)",
spice-bag,스파이스 백,Spice bag,IE,Spice bag,"자동 후보 (원산지 P495, 언어판 6)",
dubliner-cheese,더블리너 치즈,Dubliner Cheese,IE,Dubliner Cheese,"자동 후보 (원산지 P495, 언어판 5)",
imokilly-regato,이모킬리 레가토,Imokilly Regato,IE,Imokilly Regato,"자동 후보 (원산지 P495, 언어판 4)",
cooleeney-farmhouse-cheese,쿨리니 팜하우스 치즈,Cooleeney Farmhouse Cheese,IE,Cooleeney Farmhouse Cheese,"자동 후보 (원산지 P495, 언어판 3)",
milleens,밀린스,Milleens,IE,Milleens,"자동 후보 (원산지 P495, 언어판 3)",
durrus-farmhouse-cheese,두러스 팜하우스 치즈,Durrus Farmhouse Cheese,IE,Durrus Farmhouse Cheese,"자동 후보 (원산지 P495, 언어판 2)",
red-lemonade,레드 레모네이드,Red lemonade,IE,Red lemonade,"자동 후보 (원산지 P495, 언어판 2)",
spice-burger,스파이스 버거,Spice Burger,IE,Spice Burger,"자동 후보 (원산지 P495, 언어판 2)",
coddle,카덜,Coddle,IE,Coddle,"자동 후보 (분류 Irish cuisine, 언어판 18)",
cream-cracker,크림 크래커,Cream cracker,IE,Cream cracker,"자동 후보 (분류 Irish cuisine, 언어판 8)",
drisheen,드리신,Drisheen,IE,Drisheen,"자동 후보 (분류 Irish cuisine, 언어판 8)",
irish-breakfast-tea,아이리시 브렉퍼스트 티,Irish breakfast tea,IE,Irish breakfast tea,"자동 후보 (분류 Irish cuisine, 언어판 8)",
kichel,키헬,Kichel,IL,Kichel,"자동 후보 (원산지 P495, 언어판 11)",
israeli-salad,이스라엘 샐러드,Israeli salad,IL,Israeli salad,"자동 후보 (원산지 P495, 언어판 10)",
shkedei-marak,시케데이 마라크,Shkedei marak,IL,Shkedei marak,"자동 후보 (원산지 P495, 언어판 9)",
bagel-toast,베이글 토스트,Bagel toast,IL,Bagel toast,"자동 후보 (원산지 P495, 언어판 8)",
jerusalem-mixed-grill,예루살렘 믹스드 그릴,Jerusalem mixed grill,IL,Jerusalem mixed grill,"자동 후보 (원산지 P495, 언어판 8)",
tzfatit,츠파티트,Tzfatit,IL,Tzfatit,"자동 후보 (원산지 P495, 언어판 7)",
orez-shu-it,오레즈 슈이트,Orez Shu'it,IL,Orez Shu'it,"자동 후보 (원산지 P495, 언어판 6)",
khubeza-patties,후베자 패티,Khubeza patties,IL,Khubeza patties,"자동 후보 (원산지 P495, 언어판 5)",
laffa,라파,Laffa,IL,Laffa,"자동 후보 (원산지 P495, 언어판 5)",
bourekas,부레카스,Bourekas,IL,Bourekas,"자동 후보 (원산지 P495, 언어판 4)",
ziva,지바,Ziva,IL,Ziva (dish),"자동 후보 (원산지 P495, 언어판 3)",
fatoot-samneh,파투트 삼네,Fatoot samneh,IL,Fatoot samneh,"자동 후보 (원산지 P495, 언어판 2)",
fritas-de-prasa,프리타스 데 프라사,Fritas de prasa,IL,Fritas de prasa,"자동 후보 (원산지 P495, 언어판 2)",
challah,할라,Challah,IL,Challah,"자동 후보 (분류 Israeli cuisine, 언어판 32)",
hamantash,하만타셴,Hamantash,IL,Hamantash,"자동 후보 (분류 Israeli cuisine, 언어판 26)",
charoset,하로셋,Charoset,IL,Charoset,"자동 후보 (분류 Israeli cuisine, 언어판 20)",
kreplach,크레플라흐,Kreplach,IL,Kreplach,"자동 후보 (분류 Israeli cuisine, 언어판 17)",
matzah-brei,마차 브라이,Matzah brei,IL,Matzah brei,"자동 후보 (분류 Israeli cuisine, 언어판 14)",
mofletta,무플레타,Mofletta,IL,Mofletta,"자동 후보 (분류 Israeli cuisine, 언어판 13)",
lekach,레카흐,Lekach,IL,Lekach,"자동 후보 (분류 Israeli cuisine, 언어판 12)",
afikoman,아피코만,Afikoman,IL,Afikoman,"자동 후보 (분류 Israeli cuisine, 언어판 10)",
jibneh-arabieh,아랍 치즈,Jibneh Arabieh,IL,Jibneh Arabieh,"자동 후보 (분류 Israeli cuisine, 언어판 9)",
blintz,블린츠,Blintz,IL,Blintz,"자동 후보 (분류 Israeli cuisine, 언어판 7)",
azymes,아짐,Azymes,IL,Azymes,"자동 후보 (분류 Israeli cuisine, 언어판 6)",
apio,아피오,Apio,IL,Apio (appetizer),"자동 후보 (분류 Israeli cuisine, 언어판 5)",
krantz-cake,크란츠 케이크,Krantz cake,IL,Krantz cake,"자동 후보 (분류 Israeli cuisine, 언어판 5)",
curry,커리,Curry,IN,Curry,"자동 후보 (원산지 P495, 언어판 84)",
ghee,기,Ghee,IN,Ghee,"자동 후보 (원산지 P495, 언어판 73)",
chutney,처트니,Chutney,IN,Chutney,"자동 후보 (원산지 P495, 언어판 72)",
chapati,차파티,Chapati,IN,Chapati,"자동 후보 (원산지 P495, 언어판 63)",
lassi,라시,Lassi,IN,Lassi,"자동 후보 (원산지 P495, 언어판 58)",
paneer,파니르,Paneer,IN,Paneer,"자동 후보 (원산지 P495, 언어판 51)",
papadam,파파담,Papadam,IN,Papadam,"자동 후보 (원산지 P495, 언어판 51)",
dosa,도사,Dosa,IN,Dosa (food),"자동 후보 (원산지 P495, 언어판 49)",
idli,이들리,Idli,IN,Idli,"자동 후보 (원산지 P495, 언어판 48)",
kheer,키르,Kheer,IN,Kheer,"자동 후보 (원산지 P495, 언어판 47)",
puri,푸리,Puri,IN,Puri (food),"자동 후보 (원산지 P495, 언어판 47)",
masala-chai,마살라 차이,Masala chai,IN,Masala chai,"자동 후보 (원산지 P495, 언어판 46)",
laddu,라두,Laddu,IN,Laddu,"자동 후보 (원산지 P495, 언어판 45)",
panipuri,파니 푸리,Panipuri,IN,Panipuri,"자동 후보 (원산지 P495, 언어판 42)",
tandoori-chicken,탄두리 치킨,Tandoori chicken,IN,Tandoori chicken,"자동 후보 (원산지 P495, 언어판 42)",
vindaloo,빈달루,Vindaloo,IN,Vindaloo,"자동 후보 (원산지 P495, 언어판 42)",
korma,코르마,Korma,IN,Korma,"자동 후보 (원산지 P495, 언어판 39)",
darjeeling-tea,다르질링 홍차,Darjeeling tea,IN,Darjeeling tea,"자동 후보 (원산지 P495, 언어판 38)",
sambar,삼바르,Sambar,IN,Sambar (dish),"자동 후보 (원산지 P495, 언어판 38)",
rasgulla,라스굴라,Rasgulla,IN,Rasgulla,"자동 후보 (원산지 P495, 언어판 32)",
barfi,바르피,Barfi,IN,Barfi,"자동 후보 (원산지 P495, 언어판 31)",
rasam,라삼,Rasam,IN,Rasam (dish),"자동 후보 (원산지 P495, 언어판 30)",
pav-bhaji,파브 바지,Pav bhaji,IN,Pav bhaji,"자동 후보 (원산지 P495, 언어판 28)",
idiyappam,이디야팜,Idiyappam,IN,Idiyappam,"자동 후보 (원산지 P495, 언어판 27)",
vada-pav,바다 파브,Vada pav,IN,Vada pav,"자동 후보 (원산지 P495, 언어판 27)",
aloo-gobhi,알루 고비,Aloo gobhi,IN,Aloo gobhi,"자동 후보 (원산지 P495, 언어판 26)",
chaat,차트,Chaat,IN,Chaat,"자동 후보 (원산지 P495, 언어판 25)",
modak,모닥,Modak,IN,Modak,"자동 후보 (원산지 P495, 언어판 25)",
upma,우프마,Upma,IN,Upma,"자동 후보 (원산지 P495, 언어판 25)",
dahi-vada,다히 바다,Dahi vada,IN,Dahi vada,"자동 후보 (원산지 P495, 언어판 24)",
bebinca,베빙카,Bebinca,IN,Bebinca,"자동 후보 (원산지 P495, 언어판 23)",
bhatura,바투라,Bhatura,IN,Bhatura,"자동 후보 (원산지 P495, 언어판 23)",
dal-makhani,달 마카니,Dal makhani,IN,Dal makhani,"자동 후보 (원산지 P495, 언어판 23)",
dhokla,도클라,Dhokla,IN,Dhokla,"자동 후보 (원산지 P495, 언어판 23)",
gajar-ka-halwa,가자르 할와,Gajar ka halwa,IN,Gajar ka halwa,"자동 후보 (원산지 P495, 언어판 23)",
khoa,코아,Khoa,IN,Khoa,"자동 후보 (원산지 P495, 언어판 23)",
soan-papdi,손 파프디,Soan papdi,IN,Soan papdi,"자동 후보 (원산지 P495, 언어판 23)",
aloo-tikki,알루 티키,Aloo tikki,IN,Aloo tikki,"자동 후보 (원산지 P495, 언어판 22)",
bhel-puri,벨 푸리,Bhel puri,IN,Bhel puri,"자동 후보 (원산지 P495, 언어판 22)",
chole-bhature,촐레 바투레,Chole bhature,IN,Chole bhature,"자동 후보 (원산지 P495, 언어판 22)",
sadya,사디야,Sadya,IN,Sadya,"자동 후보 (원산지 P495, 언어판 22)",
medu-vada,메두 바다,Medu vada,IN,Medu vada,"자동 후보 (원산지 P495, 언어판 20)",
mulligatawny,멀리거토니,Mulligatawny,IN,Mulligatawny,"자동 후보 (원산지 P495, 언어판 20)",
south-indian-parotta,파로타,South Indian parotta,IN,South Indian parotta,"자동 후보 (원산지 P495, 언어판 20)",
achappam,아차팜,Achappam,IN,Achappam,"자동 후보 (원산지 P495, 언어판 19)",
batata-vada,바타타 바다,Batata vada,IN,Batata vada,"자동 후보 (원산지 P495, 언어판 19)",
bonda,본다,Bonda,IN,Bonda (snack),"자동 후보 (원산지 P495, 언어판 19)",
paneer-tikka,파니르 티카,Paneer tikka,IN,Paneer tikka,"자동 후보 (원산지 P495, 언어판 18)",
peda,페다,Peda,IN,Peda,"자동 후보 (원산지 P495, 언어판 18)",
pongal,퐁갈,Pongal,IN,Pongal (dish),"자동 후보 (원산지 P495, 언어판 18)",
puran-poli,푸란 폴리,Puran poli,IN,Puran poli,"자동 후보 (원산지 P495, 언어판 18)",
aloo-paratha,알루 파라타,Aloo paratha,IN,Aloo paratha,"자동 후보 (원산지 P495, 언어판 17)",
avial,아비알,Avial,IN,Avial,"자동 후보 (원산지 P495, 언어판 17)",
chhena,체나,Chhena,IN,Chhena,"자동 후보 (원산지 P495, 언어판 17)",
curd-rice,커드 라이스,Curd rice,IN,Curd rice,"자동 후보 (원산지 P495, 언어판 17)",
dopiaza,도피아자,Dopiaza,IN,Dopiaza,"자동 후보 (원산지 P495, 언어판 17)",
kachori,카초리,Kachori,IN,Kachori,"자동 후보 (원산지 P495, 언어판 17)",
kadhi,카디,Kadhi,IN,Kadhi,"자동 후보 (원산지 P495, 언어판 17)",
khaja,카자,Khaja,IN,Khaja,"자동 후보 (원산지 P495, 언어판 17)",
uttapam,우타팜,Uttapam,IN,Uttapam,"자동 후보 (원산지 P495, 언어판 17)",
alu-chat,알루 차트,Alu chat,IN,Alu chat,"자동 후보 (원산지 P495, 언어판 16)",
boondi,분디,Boondi,IN,Boondi,"자동 후보 (원산지 P495, 언어판 16)",
gujhia,구지아,Gujhia,IN,Gujhia,"자동 후보 (원산지 P495, 언어판 16)",
imarti,이마르티,Imarti,IN,Imarti,"자동 후보 (원산지 P495, 언어판 16)",
kozhukkatta,코주캇타,Kozhukkatta,IN,Kozhukkatta,"자동 후보 (원산지 P495, 언어판 16)",
mysore-pak,마이소르 파크,Mysore pak,IN,Mysore pak,"자동 후보 (원산지 P495, 언어판 16)",
sattu,사투,Sattu,IN,Sattu,"자동 후보 (원산지 P495, 언어판 16)",
kaju-katli,카주 카틀리,Kaju katli,IN,Kaju katli,"자동 후보 (원산지 P495, 언어판 15)",
nankhatai,난카타이,Nankhatai,IN,Nankhatai,"자동 후보 (원산지 P495, 언어판 15)",
sevai,세바이,Sevai,IN,Sevai,"자동 후보 (원산지 P495, 언어판 15)",
tandoori-masala,탄두리 마살라,Tandoori masala,IN,Tandoori masala,"자동 후보 (원산지 P495, 언어판 15)",
bombay-mix,봄베이 믹스,Bombay mix,IN,Bombay mix,"자동 후보 (원산지 P495, 언어판 14)",
chicken-65,치킨 65,Chicken 65,IN,Chicken 65,"자동 후보 (원산지 P495, 언어판 14)",
tikka,티카,Tikka,IN,Tikka (food),"자동 후보 (원산지 P495, 언어판 14)",
balchao,발창,Balchão,IN,Balchão,"자동 후보 (원산지 P495, 언어판 13)",
basundi,바순디,Basundi,IN,Basundi,"자동 후보 (원산지 P495, 언어판 13)",
bhakri,바크리,Bhakri,IN,Bhakri,"자동 후보 (원산지 P495, 언어판 13)",
kalakand,칼라칸드,Kalakand,IN,Kalakand,"자동 후보 (원산지 P495, 언어판 13)",
khakhra,카크라,Khakhra,IN,Khakhra,"자동 후보 (원산지 P495, 언어판 13)",
khandvi,칸드비,Khandvi,IN,Khandvi (food),"자동 후보 (원산지 P495, 언어판 13)",
matar-paneer,마타르 파니르,Matar paneer,IN,Matar paneer,"자동 후보 (원산지 P495, 언어판 13)",
nasi-kandar,나시 깐다르,Nasi kandar,IN,Nasi kandar,"자동 후보 (원산지 P495, 언어판 13)",
pathiri,파티리,Pathiri,IN,Pathiri,"자동 후보 (원산지 P495, 언어판 13)",
shankarpali,샹카르팔리,Shankarpali,IN,Shankarpali,"자동 후보 (원산지 P495, 언어판 13)",
ada,아다,Ada,IN,Ada (food),"자동 후보 (원산지 P495, 언어판 12)",
lokma,로크마,Lokma,IQ,Lokma,"자동 후보 (원산지 P495, 언어판 28)",
tandoor-bread,탄두르빵,Tandoor bread,IQ,Tandoor bread,"자동 후보 (원산지 P495, 언어판 19)",
amba,암바,Amba,IQ,Amba (condiment),"자동 후보 (원산지 P495, 언어판 14)",
samoon,사문,Samoon,IQ,Samoon,"자동 후보 (원산지 P495, 언어판 9)",
daheen,다힌,Daheen,IQ,Daheen,"자동 후보 (원산지 P495, 언어판 5)",
tepsi-baytinijan,텝시 베틴잔,Tepsi baytinijan,IQ,Tepsi baytinijan,"자동 후보 (원산지 P495, 언어판 5)",
arook,아루크,Arook,IQ,Arook,"자동 후보 (원산지 P495, 언어판 4)",
qeema-najafi,키마 나자피,Qeema Najafi,IQ,Qeema Najafi,"자동 후보 (원산지 P495, 언어판 4)",
kahi,카히,Kahi,IQ,Kahi (food),"자동 후보 (원산지 P495, 언어판 3)",
khubz-al-abbas,후브즈 알아바스,Khubz al-ʾAbbas,IQ,Khubz al-ʾAbbas,"자동 후보 (원산지 P495, 언어판 3)",
chelfray,첼프라이,Chelfray,IQ,Chelfray,"자동 후보 (분류 Iraqi cuisine, 언어판 3)",
kutach,쿠타치,Kutach,IQ,Kutach,"자동 후보 (분류 Iraqi cuisine, 언어판 2)",
sharbat,샤르바트,Sharbat,IR,Sharbat (drink),"자동 후보 (원산지 P495, 언어판 48)",
falooda,팔루다,Falooda,IR,Falooda,"자동 후보 (원산지 P495, 언어판 40)",
samanu,사마누,Samanu,IR,Samanu,"자동 후보 (원산지 P495, 언어판 31)",
muhallebi,무할레비,Muhallebi,IR,Muhallebi,"자동 후보 (원산지 P495, 언어판 30)",
joshpara,조슈파라,Joshpara,IR,Joshpara,"자동 후보 (원산지 P495, 언어판 28)",
bastani,바스타니,Bastani,IR,Bastani,"자동 후보 (원산지 P495, 언어판 23)",
tarhana,타르하나,Tarhana,IR,Tarhana,"자동 후보 (원산지 P495, 언어판 23)",
rogan-josh,로간 조시,Rogan josh,IR,Rogan josh,"자동 후보 (원산지 P495, 언어판 22)",
barbari-bread,바르바리,Barbari bread,IR,Barbari bread,"자동 후보 (원산지 P495, 언어판 20)",
khoresh,호레시,Khoresh,IR,Khoresh,"자동 후보 (원산지 P495, 언어판 20)",
sangak,산가크,Sangak,IR,Sangak,"자동 후보 (원산지 P495, 언어판 20)",
faloodeh,팔루데,Faloodeh,IR,Faloodeh,"자동 후보 (원산지 P495, 언어판 19)",
gaz,가즈,Gaz,IR,Gaz (candy),"자동 후보 (원산지 P495, 언어판 19)",
borani,보라니,Borani,IR,Borani,"자동 후보 (원산지 P495, 언어판 17)",
sheermal,시르말,Sheermal,IR,Sheermal,"자동 후보 (원산지 P495, 언어판 17)",
taftan,타프탄,Taftan,IR,Taftan (bread),"자동 후보 (원산지 P495, 언어판 17)",
tahchin,타친,Tahchin,IR,Tahchin,"자동 후보 (원산지 P495, 언어판 16)",
mirza-ghassemi,미르자 가세미,Mirza ghassemi,IR,Mirza ghassemi,"자동 후보 (원산지 P495, 언어판 15)",
advieh,아드비에,Advieh,IR,Advieh,"자동 후보 (원산지 P495, 언어판 14)",
aush-reshteh,아시 레시테,Aush reshteh,IR,Aush reshteh,"자동 후보 (원산지 P495, 언어판 14)",
kashk-bademjan,카슈케 바뎀잔,Kashk bademjan,IR,Kashk bademjan,"자동 후보 (원산지 P495, 언어판 13)",
pomegranate-soup,석류 수프,Pomegranate soup,IR,Pomegranate soup,"자동 후보 (원산지 P495, 언어판 13)",
qottab,고타브,Qottab,IR,Qottab,"자동 후보 (원산지 P495, 언어판 13)",
shirazi-salad,시라지 샐러드,Shirazi salad,IR,Shirazi salad,"자동 후보 (원산지 P495, 언어판 13)",
sholezard,숄레자르드,Sholezard,IR,Sholezard,"자동 후보 (원산지 P495, 언어판 13)",
gondi,곤디,Gondi,IR,Gondi (food),"자동 후보 (원산지 P495, 언어판 12)",
shirin-polo,시린 폴로,Shirin polo,IR,Shirin polo,"자동 후보 (원산지 P495, 언어판 12)",
kalehjoosh,칼레주시,Kalehjoosh,IR,Kalehjoosh,"자동 후보 (원산지 P495, 언어판 11)",
koloocheh,콜루체,Koloocheh,IR,Koloocheh,"자동 후보 (원산지 P495, 언어판 11)",
baghali-polo,바갈리 폴로,Baghali polo,IR,Baghali polo,"자동 후보 (원산지 P495, 언어판 10)",
iranian-pizza,이란식 피자,Iranian pizza,IR,Iranian pizza,"자동 후보 (원산지 P495, 언어판 10)",
reshteh-khoshkar,레시테 호시카르,Reshteh khoshkar,IR,Reshteh khoshkar,"자동 후보 (원산지 P495, 언어판 10)",
sabzi-polo,사브지 폴로,Sabzi polo,IR,Sabzi polo,"자동 후보 (원산지 P495, 언어판 10)",
sekanjabin,세칸자빈,Sekanjabin,IR,Sekanjabin,"자동 후보 (원산지 P495, 언어판 10)",
hakarl,하우카르들,Hákarl,IS,Hákarl,"자동 후보 (원산지 P495, 언어판 32)",
orramatur,소르라마튀르,Þorramatur,IS,Þorramatur,"자동 후보 (원산지 P495, 언어판 17)",
vinarterta,비나르테르타,Vínarterta,IS,Vínarterta,"자동 후보 (원산지 P495, 언어판 12)",
laufabrau,뢰이바브뢰이드,Laufabrauð,IS,Laufabrauð,"자동 후보 (원산지 P495, 언어판 11)",
rugbrau,루그브뢰이드,Rúgbrauð,IS,Rúgbrauð,"자동 후보 (원산지 P495, 언어판 10)",
flatkaka,플라트카카,Flatkaka,IS,Flatkaka,"자동 후보 (원산지 P495, 언어판 7)",
slatur,슬라우투르,Slátur,IS,Slátur,"자동 후보 (원산지 P495, 언어판 5)",
abrystir,아우브리스티르,Ábrystir,IS,Ábrystir,"자동 후보 (원산지 P495, 언어판 4)",
svi,스비드,Svið,IS,Svið,"자동 후보 (분류 Icelandic cuisine, 언어판 16)",
hangikjot,하운기키외트,Hangikjöt,IS,Hangikjöt,"자동 후보 (분류 Icelandic cuisine, 언어판 13)",
grjupan,그리우파운,Grjúpán,IS,Grjúpán,"자동 후보 (분류 Icelandic cuisine, 언어판 4)",
pizza,피자,Pizza,IT,Pizza,"자동 후보 (원산지 P495, 언어판 168)",
spaghetti,스파게티,Spaghetti,IT,Spaghetti,"자동 후보 (원산지 P495, 언어판 94)",
cappuccino,카푸치노,Cappuccino,IT,Cappuccino,"자동 후보 (원산지 P495, 언어판 77)",
mozzarella,모차렐라,Mozzarella,IT,Mozzarella,"자동 후보 (원산지 P495, 언어판 76)",
espresso,에스프레소,Espresso,IT,Espresso,"자동 후보 (원산지 P495, 언어판 73)",
macaroni,마카로니,Macaroni,IT,Macaroni,"자동 후보 (원산지 P495, 언어판 71)",
parmesan,파르미자노 레자노,Parmesan,IT,Parmesan,"자동 후보 (원산지 P495, 언어판 71)",
salami,살라미,Salami,IT,Salami,"자동 후보 (원산지 P495, 언어판 67)",
polenta,폴렌타,Polenta,IT,Polenta,"자동 후보 (원산지 P495, 언어판 63)",
gorgonzola,고르곤졸라,Gorgonzola,IT,Gorgonzola,"자동 후보 (원산지 P495, 언어판 60)",
ricotta,리코타,Ricotta,IT,Ricotta,"자동 후보 (원산지 P495, 언어판 60)",
mascarpone,마스카르포네,Mascarpone,IT,Mascarpone,"자동 후보 (원산지 P495, 언어판 57)",
ravioli,라비올리,Ravioli,IT,Ravioli,"자동 후보 (원산지 P495, 언어판 56)",
gnocchi,뇨키,Gnocchi,IT,Gnocchi,"자동 후보 (원산지 P495, 언어판 53)",
panettone,파네토네,Panettone,IT,Panettone,"자동 후보 (원산지 P495, 언어판 52)",
latte,카페 라테,Latte,IT,Latte,"자동 후보 (원산지 P495, 언어판 50)",
focaccia,포카차,Focaccia,IT,Focaccia,"자동 후보 (원산지 P495, 언어판 49)",
bolognese-sauce,라구 볼로녜세,Bolognese sauce,IT,Bolognese sauce,"자동 후보 (원산지 P495, 언어판 48)",
bruschetta,브루스케타,Bruschetta,IT,Bruschetta,"자동 후보 (원산지 P495, 언어판 45)",
carpaccio,카르파초,Carpaccio,IT,Carpaccio,"자동 후보 (원산지 P495, 언어판 45)",
cannoli,칸놀리,Cannoli,IT,Cannoli,"자동 후보 (원산지 P495, 언어판 44)",
tortellini,토르텔리니,Tortellini,IT,Tortellini,"자동 후보 (원산지 P495, 언어판 44)",
calzone,칼초네,Calzone,IT,Calzone,"자동 후보 (원산지 P495, 언어판 43)",
pecorino,페코리노,Pecorino,IT,Pecorino,"자동 후보 (원산지 P495, 언어판 43)",
ciabatta,치아바타,Ciabatta,IT,Ciabatta,"자동 후보 (원산지 P495, 언어판 42)",
arancini,아란치니,Arancini,IT,Arancini,"자동 후보 (원산지 P495, 언어판 41)",
gelato,젤라토,Gelato,IT,Gelato,"자동 후보 (원산지 P495, 언어판 41)",
minestrone,미네스트로네,Minestrone,IT,Minestrone,"자동 후보 (원산지 P495, 언어판 41)",
pancetta,판체타,Pancetta,IT,Pancetta,"자동 후보 (원산지 P495, 언어판 41)",
burrata,부라타,Burrata,IT,Burrata,"자동 후보 (원산지 P495, 언어판 40)",
ladyfingers,사보이아르디,Ladyfingers,IT,Ladyfingers (biscuits),"자동 후보 (원산지 P495, 언어판 40)",
mortadella,모르타델라,Mortadella,IT,Mortadella,"자동 후보 (원산지 P495, 언어판 40)",
prosciutto,프로슈토,Prosciutto,IT,Prosciutto,"자동 후보 (원산지 P495, 언어판 40)",
caffe-macchiato,카페 마키아토,Caffè macchiato,IT,Caffè macchiato,"자동 후보 (원산지 P495, 언어판 39)",
fettuccine,페투치네,Fettuccine,IT,Fettuccine,"자동 후보 (원산지 P495, 언어판 39)",
frittata,프리타타,Frittata,IT,Frittata,"자동 후보 (원산지 P495, 언어판 39)",
ossobuco,오소부코,Ossobuco,IT,Ossobuco,"자동 후보 (원산지 P495, 언어판 39)",
penne,펜네,Penne,IT,Penne,"자동 후보 (원산지 P495, 언어판 39)",
tagliatelle,탈리아텔레,Tagliatelle,IT,Tagliatelle,"자동 후보 (원산지 P495, 언어판 39)",
breadstick,그리시니,Breadstick,IT,Breadstick,"자동 후보 (원산지 P495, 언어판 38)",
fusilli,푸실리,Fusilli,IT,Fusilli,"자동 후보 (원산지 P495, 언어판 38)",
zabaione,자바이오네,Zabaione,IT,Zabaione,"자동 후보 (원산지 P495, 언어판 38)",
balsamic-vinegar,발사믹 식초,Balsamic vinegar,IT,Balsamic vinegar,"자동 후보 (원산지 P495, 언어판 37)",
granita,그라니타,Granita,IT,Granita,"자동 후보 (원산지 P495, 언어판 37)",
panini,파니니,Panini,IT,Panini (sandwich),"자동 후보 (원산지 P495, 언어판 37)",
pandoro,판도로,Pandoro,IT,Pandoro,"자동 후보 (원산지 P495, 언어판 36)",
cannelloni,칸넬로니,Cannelloni,IT,Cannelloni,"자동 후보 (원산지 P495, 언어판 35)",
neapolitan-pizza,나폴리 피자,Neapolitan pizza,IT,Neapolitan pizza,"자동 후보 (원산지 P495, 언어판 35)",
farfalle,파르팔레,Farfalle,IT,Farfalle,"자동 후보 (원산지 P495, 언어판 34)",
linguine,링귀니,Linguine,IT,Linguine,"자동 후보 (원산지 P495, 언어판 33)",
saltimbocca,살팀보카,Saltimbocca,IT,Saltimbocca,"자동 후보 (원산지 P495, 언어판 33)",
amatriciana,아마트리차나,Amatriciana,IT,Amatriciana,"자동 후보 (원산지 P495, 언어판 32)",
orzo,오르조,Orzo,IT,Orzo,"자동 후보 (원산지 P495, 언어판 32)",
guanciale,관찰레,Guanciale,IT,Guanciale,"자동 후보 (원산지 P495, 언어판 31)",
caponata,카포나타,Caponata,IT,Caponata,"자동 후보 (원산지 P495, 언어판 30)",
rigatoni,리가토니,Rigatoni,IT,Rigatoni,"자동 후보 (원산지 P495, 언어판 30)",
bucatini,부카티니,Bucatini,IT,Bucatini,"자동 후보 (원산지 P495, 언어판 29)",
provolone,프로볼로네,Provolone,IT,Provolone,"자동 후보 (원산지 P495, 언어판 29)",
bicerin,비체린,Bicerin,IT,Bicerin,"자동 후보 (원산지 P495, 언어판 28)",
cacio-e-pepe,카초 에 페페,Cacio e pepe,IT,Cacio e pepe,"자동 후보 (원산지 P495, 언어판 28)",
caciocavallo,카초카발로,Caciocavallo,IT,Caciocavallo,"자동 후보 (원산지 P495, 언어판 28)",
fettuccine-alfredo,페투치네 알프레도,Fettuccine Alfredo,IT,Fettuccine Alfredo,"자동 후보 (원산지 P495, 언어판 28)",
fontina,폰티나,Fontina,IT,Fontina,"자동 후보 (원산지 P495, 언어판 28)",
panzanella,판차넬라,Panzanella,IT,Panzanella,"자동 후보 (원산지 P495, 언어판 28)",
cassata,카사타,Cassata,IT,Cassata,"자동 후보 (원산지 P495, 언어판 27)",
pecorino-romano,페코리노 로마노,Pecorino romano,IT,Pecorino romano,"자동 후보 (원산지 P495, 언어판 27)",
piadina-romagnola,피아디나,Piadina romagnola,IT,Piadina romagnola,"자동 후보 (원산지 P495, 언어판 27)",
bigoli,비골리,Bigoli,IT,Bigoli,"자동 후보 (원산지 P495, 언어판 26)",
deviled-egg,데빌드 에그,Deviled egg,IT,Deviled egg,"자동 후보 (원산지 P495, 언어판 26)",
orecchiette,오레키에테,Orecchiette,IT,Orecchiette,"자동 후보 (원산지 P495, 언어판 26)",
ragu,라구,Ragù,IT,Ragù,"자동 후보 (원산지 P495, 언어판 26)",
sofrito,소프리토,Sofrito,IT,Sofrito,"자동 후보 (원산지 P495, 언어판 26)",
arrabbiata-sauce,아라비아타,Arrabbiata sauce,IT,Arrabbiata sauce,"자동 후보 (원산지 P495, 언어판 25)",
asiago-cheese,아시아고,Asiago cheese,IT,Asiago cheese,"자동 후보 (원산지 P495, 언어판 25)",
neapolitan-ice-cream,나폴리 아이스크림,Neapolitan ice cream,IT,Neapolitan ice cream,"자동 후보 (원산지 P495, 언어판 25)",
pizza-quattro-formaggi,피자 쿼트로 포르마지,Pizza quattro formaggi,IT,Pizza quattro formaggi,"자동 후보 (원산지 P495, 언어판 25)",
ribollita,리볼리타,Ribollita,IT,Ribollita,"자동 후보 (원산지 P495, 언어판 25)",
taleggio-cheese,탈레조,Taleggio cheese,IT,Taleggio cheese,"자동 후보 (원산지 P495, 언어판 25)",
biscotti,비스코티,Biscotti,IT,Biscotti,"자동 후보 (원산지 P495, 언어판 24)",
marinara-sauce,마리나라,Marinara sauce,IT,Marinara sauce,"자동 후보 (원산지 P495, 언어판 24)",
pasta-salad,파스타 샐러드,Pasta salad,IT,Pasta salad,"자동 후보 (원산지 P495, 언어판 24)",
spaghetti-alle-vongole,스파게티 알레 봉골레,Spaghetti alle vongole,IT,Spaghetti alle vongole,"자동 후보 (원산지 P495, 언어판 24)",
bresaola,브레사올라,Bresaola,IT,Bresaola,"자동 후보 (원산지 P495, 언어판 23)",
cocktail-sauce,칵테일 소스,Cocktail sauce,IT,Cocktail sauce,"자동 후보 (원산지 P495, 언어판 23)",
meat-pie,고기 파이,Meat pie,IT,Meat pie,"자동 후보 (원산지 P495, 언어판 23)",
panforte,판포르테,Panforte,IT,Panforte,"자동 후보 (원산지 P495, 언어판 23)",
pappardelle,파파르델레,Pappardelle,IT,Pappardelle,"자동 후보 (원산지 P495, 언어판 23)",
pizza-capricciosa,피자 카프리초사,Pizza capricciosa,IT,Pizza capricciosa,"자동 후보 (원산지 P495, 언어판 23)",
pizzoccheri,피초케리,Pizzoccheri,IT,Pizzoccheri,"자동 후보 (원산지 P495, 언어판 23)",
scamorza,스카모르차,Scamorza,IT,Scamorza,"자동 후보 (원산지 P495, 언어판 23)",
sfogliatella,스폴리아텔라,Sfogliatella,IT,Sfogliatella,"자동 후보 (원산지 P495, 언어판 23)",
gianduja,잔두야,Gianduja,IT,Gianduja (chocolate),"자동 후보 (원산지 P495, 언어판 22)",
parmigiana,파르미자나,Parmigiana,IT,Parmigiana,"자동 후보 (원산지 P495, 언어판 22)",
nduja,은두자,'Nduja,IT,'Nduja,"자동 후보 (원산지 P495, 언어판 21)",
jamaican-patty,자메이카 패티,Jamaican patty,JM,Jamaican patty,"자동 후보 (원산지 P495, 언어판 14)",
coco-bread,코코 브레드,Coco bread,JM,Coco bread,"자동 후보 (원산지 P495, 언어판 8)",
bammy,바미,Bammy,JM,Bammy,"자동 후보 (원산지 P495, 언어판 7)",
festival,페스티벌,Festival,JM,Festival (food),"자동 후보 (원산지 P495, 언어판 7)",
run-down,런다운,Run down,JM,Run down,"자동 후보 (원산지 P495, 언어판 6)",
bulla-cake,불라 케이크,Bulla cake,JM,Bulla cake,"자동 후보 (원산지 P495, 언어판 5)",
gizzada,기자다,Gizzada,JM,Gizzada,"자동 후보 (원산지 P495, 언어판 5)",
hard-dough-bread,하드 도 브레드,Hard dough bread,JM,Hard dough bread,"자동 후보 (원산지 P495, 언어판 4)",
solomon-gundy,솔로몬 건디,Solomon Gundy,JM,Solomon Gundy,"자동 후보 (원산지 P495, 언어판 3)",
grater-cake,그레이터 케이크,Grater cake,JM,Grater cake,"자동 후보 (원산지 P495, 언어판 2)",
peg-bread,페그 브레드,Peg bread,JM,Peg bread,"자동 후보 (원산지 P495, 언어판 2)",
red-peas-soup,레드 피스 수프,Red peas soup,JM,Red peas soup,"자동 후보 (원산지 P495, 언어판 2)",
toto,토토,Toto,JM,Toto (dessert),"자동 후보 (원산지 P495, 언어판 2)",
jamaican-blue-mountain-coffee,자메이카 블루 마운틴,Jamaican Blue Mountain Coffee,JM,Jamaican Blue Mountain Coffee,"자동 후보 (분류 Jamaican cuisine, 언어판 22)",
ital,아이털,Ital,JM,Ital,"자동 후보 (분류 Jamaican cuisine, 언어판 13)",
fish-tea,피시 티,Fish tea,JM,Fish tea,"자동 후보 (분류 Jamaican cuisine, 언어판 5)",
stamp-and-go,스탬프 앤 고,Stamp and Go,JM,Stamp and Go,"자동 후보 (분류 Jamaican cuisine, 언어판 4)",
stew-peas,스튜 피스,Stew peas,JM,Stew peas,"자동 후보 (분류 Jamaican cuisine, 언어판 2)",
musakhan,무사칸,Musakhan,JO,Musakhan,"자동 후보 (원산지 P495, 언어판 25)",
qalayet-bandora,칼라예트 반도라,Qalayet bandora,JO,Qalayet bandora,"자동 후보 (원산지 P495, 언어판 8)",
makmoura,마크무라,Makmoura,JO,Makmoura,"자동 후보 (원산지 P495, 언어판 5)",
sashimi,사시미,Sashimi,JP,Sashimi,"자동 후보 (원산지 P495, 언어판 60)",
miso,미소,Miso,JP,Miso,"자동 후보 (원산지 P495, 언어판 53)",
udon,우동,Udon,JP,Udon,"자동 후보 (원산지 P495, 언어판 52)",
bento,벤또,Bento,JP,Bento,"자동 후보 (원산지 P495, 언어판 48)",
takoyaki,타코야키,Takoyaki,JP,Takoyaki,"자동 후보 (원산지 P495, 언어판 44)",
dashi,다시,Dashi,JP,Dashi,"자동 후보 (원산지 P495, 언어판 43)",
natto,낫토,Natto,JP,Natto,"자동 후보 (원산지 P495, 언어판 42)",
soba,소바,Soba,JP,Soba,"자동 후보 (원산지 P495, 언어판 42)",
dango,당고,Dango,JP,Dango,"자동 후보 (원산지 P495, 언어판 40)",
yakitori,야키토리,Yakitori,JP,Yakitori,"자동 후보 (원산지 P495, 언어판 40)",
sukiyaki,스키야키,Sukiyaki,JP,Sukiyaki,"자동 후보 (원산지 P495, 언어판 39)",
surimi,수리미,Surimi,JP,Surimi,"자동 후보 (원산지 P495, 언어판 39)",
tonkatsu,돈가스,Tonkatsu,JP,Tonkatsu,"자동 후보 (원산지 P495, 언어판 38)",
dorayaki,도라야키,Dorayaki,JP,Dorayaki,"자동 후보 (원산지 P495, 언어판 36)",
shabu-shabu,샤부샤부,Shabu-shabu,JP,Shabu-shabu,"자동 후보 (원산지 P495, 언어판 35)",
taiyaki,타이야키,Taiyaki,JP,Taiyaki,"자동 후보 (원산지 P495, 언어판 35)",
daifuku,다이후쿠,Daifuku,JP,Daifuku,"자동 후보 (원산지 P495, 언어판 34)",
japanese-curry,일본 카레,Japanese curry,JP,Japanese curry,"자동 후보 (원산지 P495, 언어판 33)",
oden,오뎅,Oden,JP,Oden,"자동 후보 (원산지 P495, 언어판 33)",
wagashi,화과자,Wagashi,JP,Wagashi,"자동 후보 (원산지 P495, 언어판 33)",
anpan,단팥빵,Anpan,JP,Anpan,"자동 후보 (원산지 P495, 언어판 32)",
raindrop-cake,물방울떡,Raindrop cake,JP,Raindrop cake,"자동 후보 (원산지 P495, 언어판 32)",
omurice,오므라이스,Omurice,JP,Omurice,"자동 후보 (원산지 P495, 언어판 31)",
donburi,돈부리,Donburi,JP,Donburi,"자동 후보 (원산지 P495, 언어판 30)",
sencha,센차,Sencha,JP,Sencha,"자동 후보 (원산지 P495, 언어판 30)",
edamame,에다마메,Edamame,JP,Edamame,"자동 후보 (원산지 P495, 언어판 29)",
katsuobushi,가쓰오부시,Katsuobushi,JP,Katsuobushi,"자동 후보 (원산지 P495, 언어판 29)",
osechi,오세치,Osechi,JP,Osechi,"자동 후보 (원산지 P495, 언어판 29)",
tamagoyaki,다마고야키,Tamagoyaki,JP,Tamagoyaki,"자동 후보 (원산지 P495, 언어판 29)",
teppanyaki,데판야키,Teppanyaki,JP,Teppanyaki,"자동 후보 (원산지 P495, 언어판 29)",
yakisoba,야키소바,Yakisoba,JP,Yakisoba,"자동 후보 (원산지 P495, 언어판 29)",
yokan,양갱,Yōkan,JP,Yōkan,"자동 후보 (원산지 P495, 언어판 29)",
castella,카스텔라,Castella,JP,Castella,"자동 후보 (원산지 P495, 언어판 28)",
kamaboko,가마보코,Kamaboko,JP,Kamaboko,"자동 후보 (원산지 P495, 언어판 28)",
katsudon,가쓰동,Katsudon,JP,Katsudon,"자동 후보 (원산지 P495, 언어판 28)",
manju,만주,Manjū,JP,Manjū,"자동 후보 (원산지 P495, 언어판 28)",
melonpan,멜론빵,Melonpan,JP,Melonpan,"자동 후보 (원산지 P495, 언어판 28)",
crab-stick,게맛살,Crab stick,JP,Crab stick,"자동 후보 (원산지 P495, 언어판 27)",
karaage,가라아게,Karaage,JP,Karaage,"자동 후보 (원산지 P495, 언어판 27)",
oyakodon,오야코동,Oyakodon,JP,Oyakodon,"자동 후보 (원산지 P495, 언어판 26)",
furikake,후리카케,Furikake,JP,Furikake,"자동 후보 (원산지 P495, 언어판 25)",
gyudon,규동,Gyūdon,JP,Gyūdon,"자동 후보 (원산지 P495, 언어판 25)",
konpeito,곤페이토,Konpeitō,JP,Konpeitō,"자동 후보 (원산지 P495, 언어판 25)",
shiruko,시루코,Shiruko,JP,Shiruko,"자동 후보 (원산지 P495, 언어판 25)",
yakiniku,야키니쿠,Yakiniku,JP,Yakiniku,"자동 후보 (원산지 P495, 언어판 25)",
kaiseki,가이세키,Kaiseki,JP,Kaiseki,"자동 후보 (원산지 P495, 언어판 24)",
mochi-ice-cream,모찌 아이스크림,Mochi ice cream,JP,Mochi ice cream,"자동 후보 (원산지 P495, 언어판 24)",
nabemono,나베모노,Nabemono,JP,Nabemono,"자동 후보 (원산지 P495, 언어판 24)",
amazake,아마자케,Amazake,JP,Amazake,"자동 후보 (원산지 P495, 언어판 23)",
chawanmushi,자완무시,Chawanmushi,JP,Chawanmushi,"자동 후보 (원산지 P495, 언어판 23)",
chazuke,차즈케,Chazuke,JP,Chazuke,"자동 후보 (원산지 P495, 언어판 23)",
chikuwa,치쿠와,Chikuwa,JP,Chikuwa,"자동 후보 (원산지 P495, 언어판 23)",
gyokuro,교쿠로,Gyokuro,JP,Gyokuro,"자동 후보 (원산지 P495, 언어판 23)",
narutomaki,나루토마키,Narutomaki,JP,Narutomaki,"자동 후보 (원산지 P495, 언어판 23)",
shichimi,시치미토가라시,Shichimi,JP,Shichimi,"자동 후보 (원산지 P495, 언어판 23)",
tamago-kake-gohan,다마고카케고한,Tamago kake gohan,JP,Tamago kake gohan,"자동 후보 (원산지 P495, 언어판 23)",
zoni,조니,Zōni,JP,Zōni,"자동 후보 (원산지 P495, 언어판 23)",
anmitsu,안미쓰,Anmitsu,JP,Anmitsu,"자동 후보 (원산지 P495, 언어판 22)",
arare,아라레,Arare,JP,Arare (food),"자동 후보 (원산지 P495, 언어판 22)",
chankonabe,잔코나베,Chankonabe,JP,Chankonabe,"자동 후보 (원산지 P495, 언어판 22)",
ikizukuri,이키즈쿠리,Ikizukuri,JP,Ikizukuri,"자동 후보 (원산지 P495, 언어판 22)",
imagawayaki,이마가와야키,Imagawayaki,JP,Imagawayaki,"자동 후보 (원산지 P495, 언어판 22)",
kakigori,카키고리,Kakigōri,JP,Kakigōri,"자동 후보 (원산지 P495, 언어판 22)",
kushikatsu,쿠시카츠,Kushikatsu,JP,Kushikatsu,"자동 후보 (원산지 P495, 언어판 22)",
sakuramochi,사쿠라모치,Sakuramochi,JP,Sakuramochi,"자동 후보 (원산지 P495, 언어판 22)",
senbei,센베이,Senbei,JP,Senbei,"자동 후보 (원산지 P495, 언어판 22)",
abura-age,유부,Abura-age,JP,Abura-age,"자동 후보 (원산지 P495, 언어판 21)",
botamochi,보타모치,Botamochi,JP,Botamochi,"자동 후보 (원산지 P495, 언어판 21)",
hayashi-rice,하이라이스,Hayashi rice,JP,Hayashi rice,"자동 후보 (원산지 P495, 언어판 21)",
okara,비지,Okara,JP,Okara (food),"자동 후보 (원산지 P495, 언어판 21)",
takikomi-gohan,다키코미고한,Takikomi gohan,JP,Takikomi gohan,"자동 후보 (원산지 P495, 언어판 21)",
green-tea-ice-cream,녹차 아이스크림,Green tea ice cream,JP,Green tea ice cream,"자동 후보 (원산지 P495, 언어판 20)",
kabayaki,가바야키,Kabayaki,JP,Kabayaki,"자동 후보 (원산지 P495, 언어판 20)",
katsu-curry,가쓰카레,Katsu curry,JP,Katsu curry,"자동 후보 (원산지 P495, 언어판 20)",
korokke,고로케,Korokke,JP,Korokke,"자동 후보 (원산지 P495, 언어판 20)",
kukicha,구키차,Kukicha,JP,Kukicha,"자동 후보 (원산지 P495, 언어판 20)",
ponzu,폰즈,Ponzu,JP,Ponzu,"자동 후보 (원산지 P495, 언어판 20)",
shiokara,시오카라,Shiokara,JP,Shiokara,"자동 후보 (원산지 P495, 언어판 20)",
tonjiru,돈지루,Tonjiru,JP,Tonjiru,"자동 후보 (원산지 P495, 언어판 20)",
tsukemen,쓰케멘,Tsukemen,JP,Tsukemen,"자동 후보 (원산지 P495, 언어판 20)",
nyama-choma,냐마 초마,Nyama choma,KE,Nyama choma,"자동 후보 (원산지 P495, 언어판 10)",
githeri,기테리,Githeri,KE,Githeri,"자동 후보 (원산지 P495, 언어판 8)",
mutura,무투라,Mutura,KE,Mutura,"자동 후보 (원산지 P495, 언어판 4)",
dimlama,딤라마,Dimlama,KG,Dimlama,"자동 후보 (원산지 P495, 언어판 18)",
naryn,나린,Naryn,KG,Naryn (dish),"자동 후보 (원산지 P495, 언어판 14)",
nauryz-kozhe,나우르즈 코제,Nauryz kozhe,KG,Nauryz kozhe,"자동 후보 (원산지 P495, 언어판 12)",
orama,오로모,Orama,KG,Orama (dish),"자동 후보 (원산지 P495, 언어판 10)",
prahok,프라혹,Prahok,KH,Prahok,"자동 후보 (원산지 P495, 언어판 15)",
kroeung,끄르엉,Kroeung,KH,Kroeung,"자동 후보 (원산지 P495, 언어판 11)",
kampot-pepper,캄폿 후추,Kampot pepper,KH,Kampot pepper,"자동 후보 (원산지 P495, 언어판 10)",
kuyteav,꾸이띠어우,Kuyteav,KH,Kuyteav,"자동 후보 (원산지 P495, 언어판 10)",
num-banhchok,놈반쩍,Num banhchok,KH,Num banhchok,"자동 후보 (원산지 P495, 언어판 9)",
samlor-machu,삼로 마쭈,Samlor machu,KH,Samlor machu,"자동 후보 (원산지 P495, 언어판 7)",
num-ansom,놈안섬,Num ansom,KH,Num ansom,"자동 후보 (원산지 P495, 언어판 5)",
num-pang,놈빵,Num pang,KH,Num pang,"자동 후보 (원산지 P495, 언어판 4)",
samlar-kako,삼로 까꼬,Samlar kako,KH,Samlar kako,"자동 후보 (원산지 P495, 언어판 4)",
saraman-curry,사라만 카레,Saraman curry,KH,Saraman curry,"자동 후보 (원산지 P495, 언어판 4)",
pleah-sach-ko,플리어 삿 꼬,Pleah sach ko,KH,Pleah sach ko,"자동 후보 (원산지 P495, 언어판 3)",
prahok-ktis,프라혹 크티스,Prahok ktis,KH,Prahok ktis,"자동 후보 (원산지 P495, 언어판 3)",
aluek-trei-ngeat,알록 뜨러이 응잇,Aluek trei ngeat,KH,Aluek trei ngeat,"자동 후보 (원산지 P495, 언어판 2)",
num-akor,놈아꼬,Num akor,KH,Num akor,"자동 후보 (원산지 P495, 언어판 2)",
bay-sach-chruk,바이 삿 즈룩,Bay sach chruk,KH,Bay sach chruk,"자동 후보 (분류 Cambodian cuisine, 언어판 4)",
kampot-sea-salt,캄폿 천일염,Kampot sea salt,KH,Kampot sea salt,"자동 후보 (분류 Cambodian cuisine, 언어판 4)",
num-kreab,놈 크리업,Num kreab,KH,Num kreab,"자동 후보 (분류 Cambodian cuisine, 언어판 4)",
bai-pong-moan,바이 퐁 모안,Bai pong moan,KH,Bai pong moan,"자동 후보 (분류 Cambodian cuisine, 언어판 3)",
chanang,차낭,Chanang,KH,Chanang,"자동 후보 (분류 Cambodian cuisine, 언어판 3)",
chha-kh-nhei,차 크네이,Chha kh'nhei,KH,Chha kh'nhei,"자동 후보 (분류 Cambodian cuisine, 언어판 3)",
kampot-pepper-crab,캄폿 후추 게볶음,Kampot pepper crab,KH,Kampot pepper crab,"자동 후보 (분류 Cambodian cuisine, 언어판 3)",
bor-bor-thnaut,보르 보르 트나웃,Bor bor thnaut,KH,Bor bor thnaut,"자동 후보 (분류 Cambodian cuisine, 언어판 2)",
cha-huoy-teuk,차 후이 뜩,Cha huoy teuk,KH,Cha huoy teuk,"자동 후보 (분류 Cambodian cuisine, 언어판 2)",
cha-kroeung,차 크러응,Cha kroeung,KH,Cha kroeung,"자동 후보 (분류 Cambodian cuisine, 언어판 2)",
naengmyeon,냉면,Naengmyeon,KP,Naengmyeon,"자동 후보 (원산지 P495, 언어판 37)",
pyeonsu,편수,Pyeonsu,KP,Pyeonsu,"자동 후보 (원산지 P495, 언어판 8)",
injo-gogi-bap,인조고기밥,Injo-gogi-bap,KP,Injo-gogi-bap,"자동 후보 (원산지 P495, 언어판 6)",
paensae,밴새,Paensae,KP,Paensae,"자동 후보 (원산지 P495, 언어판 2)",
budae-jjigae,부대찌개,Budae-jjigae,KR,Budae-jjigae,"자동 후보 (원산지 P495, 언어판 21)",
corn-tea,옥수수차,Corn tea,KR,Corn tea,"자동 후보 (원산지 P495, 언어판 17)",
korean-fried-chicken,치킨,Korean fried chicken,KR,Korean fried chicken,"자동 후보 (원산지 P495, 언어판 17)",
dak-galbi,닭갈비,Dak-galbi,KR,Dak-galbi,"자동 후보 (원산지 P495, 언어판 15)",
jjamppong,짬뽕,Jjamppong,KR,Jjamppong,"자동 후보 (원산지 P495, 언어판 13)",
chimaek,치맥,Chimaek,KR,Chimaek,"자동 후보 (원산지 P495, 언어판 12)",
buldak,불닭,Buldak,KR,Buldak,"자동 후보 (원산지 P495, 언어판 11)",
andong-jjimdak,안동찜닭,Andong jjimdak,KR,Andong jjimdak,"자동 후보 (원산지 P495, 언어판 10)",
dak-kkochi,닭꼬치,Dak-kkochi,KR,Dak-kkochi,"자동 후보 (원산지 P495, 언어판 9)",
gyeran-ppang,계란빵,Gyeran-ppang,KR,Gyeran-ppang,"자동 후보 (원산지 P495, 언어판 9)",
rabokki,라볶이,Rabokki,KR,Rabokki,"자동 후보 (원산지 P495, 언어판 9)",
tornado-potato,회오리감자,Tornado potato,KR,Tornado potato,"자동 후보 (원산지 P495, 언어판 9)",
hodu-gwaja,호두과자,Hodu-gwaja,KR,Hodu-gwaja,"자동 후보 (원산지 P495, 언어판 8)",
mak-guksu,막국수,Mak-guksu,KR,Mak-guksu,"자동 후보 (원산지 P495, 언어판 8)",
milmyeon,밀면,Milmyeon,KR,Milmyeon,"자동 후보 (원산지 P495, 언어판 8)",
ramyeon,라면,Ramyeon,KR,Ramyeon,"자동 후보 (원산지 P495, 언어판 8)",
10-won-bread,10원빵,10 won bread,KR,10 won bread,"자동 후보 (원산지 P495, 언어판 7)",
kkul-tarae,꿀타래,Kkul-tarae,KR,Kkul-tarae,"자동 후보 (원산지 P495, 언어판 7)",
padak,파닭,Padak,KR,Padak,"자동 후보 (원산지 P495, 언어판 7)",
corn-cheese,콘치즈,Corn cheese,KR,Corn cheese,"자동 후보 (원산지 P495, 언어판 6)",
dak-hanmari,닭한마리,Dak-hanmari,KR,Dak-hanmari,"자동 후보 (원산지 P495, 언어판 6)",
jjapaguri,짜파구리,Jjapaguri,KR,Jjapaguri,"자동 후보 (원산지 P495, 언어판 6)",
jjolmyeon,쫄면,Jjolmyeon,KR,Jjolmyeon,"자동 후보 (원산지 P495, 언어판 6)",
kkulppang,꿀빵,Kkulppang,KR,Kkulppang,"자동 후보 (원산지 P495, 언어판 6)",
chalbori-ppang,찰보리빵,Chalbori-ppang,KR,Chalbori-ppang,"자동 후보 (원산지 P495, 언어판 5)",
dwaeji-gukbap,돼지국밥,Dwaeji-gukbap,KR,Dwaeji-gukbap,"자동 후보 (원산지 P495, 언어판 5)",
gogi-guksu,고기국수,Gogi-guksu,KR,Gogi-guksu,"자동 후보 (원산지 P495, 언어판 5)",
so-tteok-so-tteok,소떡소떡,So-tteok-so-tteok,KR,So-tteok-so-tteok,"자동 후보 (원산지 P495, 언어판 5)",
yeolmu-kimchi,열무김치,Yeolmu-kimchi,KR,Yeolmu-kimchi,"자동 후보 (원산지 P495, 언어판 5)",
dak-ttongjip,닭똥집,Dak-ttongjip,KR,Dak-ttongjip,"자동 후보 (원산지 P495, 언어판 4)",
dongaseu,돈가스,Dongaseu,KR,Dongaseu,"자동 후보 (원산지 P495, 언어판 4)",
jang-jorim,장조림,Jang-jorim,KR,Jang-jorim,"자동 후보 (원산지 P495, 언어판 4)",
jat-guksu,잣국수,Jat-guksu,KR,Jat-guksu,"자동 후보 (원산지 P495, 언어판 4)",
jungguk-naengmyeon,중국냉면,Jungguk-naengmyeon,KR,Jungguk-naengmyeon,"자동 후보 (원산지 P495, 언어판 4)",
tongdak,통닭,Tongdak,KR,Tongdak,"자동 후보 (원산지 P495, 언어판 4)",
delimanjoo,델리만쥬,Delimanjoo,KR,Delimanjoo,"자동 후보 (원산지 P495, 언어판 3)",
gilgeori-toast,길거리 토스트,Gilgeori toast,KR,Gilgeori toast,"자동 후보 (원산지 P495, 언어판 3)",
kkochi,꼬치,Kkochi,KR,Kkochi,"자동 후보 (원산지 P495, 언어판 2)",
ttongppang,똥빵,Ttongppang,KR,Ttongppang,"자동 후보 (원산지 P495, 언어판 2)",
gimbap,김밥,Gimbap,KR,Gimbap,"자동 후보 (분류 Korean cuisine, 언어판 47)",
tteokbokki-kr,떡볶이,Tteokbokki,KR,Tteokbokki,"자동 후보 (분류 Korean cuisine, 언어판 41)",
yellow-tea,황차,Yellow tea,KR,Yellow tea,"자동 후보 (분류 Korean cuisine, 언어판 41)",
gochujang,고추장,Gochujang,KR,Gochujang,"자동 후보 (분류 Korean cuisine, 언어판 36)",
tteok,떡,Tteok,KR,Tteok,"자동 후보 (분류 Korean cuisine, 언어판 30)",
dalgona,달고나,Dalgona,KR,Dalgona,"자동 후보 (분류 Korean cuisine, 언어판 28)",
doenjang,된장,Doenjang,KR,Doenjang,"자동 후보 (분류 Korean cuisine, 언어판 28)",
galbi,갈비구이,Galbi,KR,Galbi,"자동 후보 (분류 Korean cuisine, 언어판 28)",
japchae,잡채,Japchae,KR,Japchae,"자동 후보 (분류 Korean cuisine, 언어판 28)",
san-nakji,산낙지,San-nakji,KR,San-nakji,"자동 후보 (분류 Korean cuisine, 언어판 28)",
sikhye,식혜,Sikhye,KR,Sikhye,"자동 후보 (분류 Korean cuisine, 언어판 28)",
banchan,반찬,Banchan,KR,Banchan,"자동 후보 (분류 Korean cuisine, 언어판 27)",
samgyeopsal,삼겹살구이,Samgyeopsal,KR,Samgyeopsal,"자동 후보 (분류 Korean cuisine, 언어판 26)",
bingsu,빙수,Bingsu,KR,Bingsu,"자동 후보 (분류 Korean cuisine, 언어판 25)",
chili-powder,고춧가루,Chili powder,KR,Chili powder,"자동 후보 (분류 Korean cuisine, 언어판 25)",
jjigae,찌개,Jjigae,KR,Jjigae,"자동 후보 (분류 Korean cuisine, 언어판 23)",
kimchi-jjigae,김치찌개,Kimchi-jjigae,KR,Kimchi-jjigae,"자동 후보 (분류 Korean cuisine, 언어판 22)",
sungnyung,숭늉,Sungnyung,KR,Sungnyung,"자동 후보 (분류 Korean cuisine, 언어판 22)",
tteokguk,떡국,Tteokguk,KR,Tteokguk,"자동 후보 (분류 Korean cuisine, 언어판 22)",
hoe,회,Hoe,KR,Hoe (food),"자동 후보 (분류 Korean cuisine, 언어판 20)",
miyeok-guk,미역국,Miyeok-guk,KR,Miyeok-guk,"자동 후보 (분류 Korean cuisine, 언어판 20)",
samgye-tang,삼계탕,Samgye-tang,KR,Samgye-tang,"자동 후보 (분류 Korean cuisine, 언어판 20)",
songpyeon,송편,Songpyeon,KR,Songpyeon,"자동 후보 (분류 Korean cuisine, 언어판 19)",
sundae,순대,Sundae,KR,Sundae (sausage),"자동 후보 (분류 Korean cuisine, 언어판 19)",
hwachae,화채,Hwachae,KR,Hwachae,"자동 후보 (분류 Korean cuisine, 언어판 18)",
sujeonggwa,수정과,Sujeonggwa,KR,Sujeonggwa,"자동 후보 (분류 Korean cuisine, 언어판 18)",
beondegi,번데기,Beondegi,KR,Beondegi,"자동 후보 (분류 Korean cuisine, 언어판 17)",
compressed-tea,고형차,Compressed tea,KR,Compressed tea,"자동 후보 (분류 Korean cuisine, 언어판 17)",
hangwa,한과,Hangwa,KR,Hangwa,"자동 후보 (분류 Korean cuisine, 언어판 17)",
kuwaiti-tea,쿠웨이트 차,Kuwaiti tea,KW,Kuwaiti tea,"자동 후보 (원산지 P495, 언어판 4)",
shelpek,셸페크,Shelpek,KZ,Shelpek,"자동 후보 (원산지 P495, 언어판 15)",
shalgam,샬감,Shalgam,KZ,Shalgam,"자동 후보 (원산지 P495, 언어판 4)",
kimay,키마이,Kimay,KZ,Kimay,"자동 후보 (분류 Kazakh cuisine, 언어판 4)",
jeow-bong,째우 봉,Jeow bong,LA,Jeow bong,"자동 후보 (원산지 P495, 언어판 13)",
koi,꼬이,Koi,LA,Koi (dish),"자동 후보 (원산지 P495, 언어판 12)",
kai-yang,삥까이,Kai yang,LA,Kai yang,"자동 후보 (원산지 P495, 언어판 9)",
kaipen,까이펜,Kaipen,LA,Kaipen,"자동 후보 (원산지 P495, 언어판 9)",
nam-khao,남카오,Nam khao,LA,Nam khao,"자동 후보 (원산지 P495, 언어판 9)",
padaek,빠 댁,Padaek,LA,Padaek,"자동 후보 (원산지 P495, 언어판 9)",
khao-poon,카우 뿐,Khao poon,LA,Khao poon,"자동 후보 (원산지 P495, 언어판 5)",
miang-kham,미앙캄,Miang kham,LA,Miang kham,"자동 후보 (원산지 P495, 언어판 5)",
or-lam,오 람,Or lam,LA,Or lam,"자동 후보 (원산지 P495, 언어판 5)",
khao-piak-sen,카우 삐억 센,Khao piak sen,LA,Khao piak sen,"자동 후보 (원산지 P495, 언어판 4)",
hmong-sausage,몽족 소시지,Hmong sausage,LA,Hmong sausage,"자동 후보 (원산지 P495, 언어판 2)",
sai-gork,사이 꼭,Sai gork,LA,Sai gork,"자동 후보 (분류 Lao cuisine, 언어판 4)",
khao-khua,볶은쌀가루,Khao khua,LA,Khao khua,"자동 후보 (분류 Lao cuisine, 언어판 3)",
mee-ka-tee,미 까 티,Mee ka tee,LA,Mee ka tee,"자동 후보 (분류 Lao cuisine, 언어판 2)",
yum-sen-lon,얌 센 론,Yum sen lon,LA,Yum sen lon,"자동 후보 (분류 Lao cuisine, 언어판 2)",
fatayer,파타예르,Fatayer,LB,Fatayer,"자동 후보 (원산지 P495, 언어판 18)",
sfouf,스푸프,Sfouf,LB,Sfouf,"자동 후보 (원산지 P495, 언어판 9)",
balila,발릴라,Balila,LB,Balila (dish),"자동 후보 (원산지 P495, 언어판 8)",
batata-harra,바타타 하라,Batata harra,LB,Batata harra,"자동 후보 (원산지 P495, 언어판 7)",
layali-lubnan,라얄리 루브난,Layali lubnan,LB,Layali lubnan,"자동 후보 (원산지 P495, 언어판 6)",
raheb,라헤브,Raheb,LB,Raheb,"자동 후보 (분류 Lebanese cuisine, 언어판 8)",
appam,아팜,Appam,LK,Appam,"자동 후보 (원산지 P495, 언어판 42)",
puttu,푸투,Puttu,LK,Puttu,"자동 후보 (원산지 P495, 언어판 27)",
ceylon-tea,실론티,Ceylon tea,LK,Ceylon tea,"자동 후보 (원산지 P495, 언어판 23)",
kiribath,키리바트,Kiribath,LK,Kiribath,"자동 후보 (원산지 P495, 언어판 17)",
watalappam,와탈라팜,Watalappam,LK,Watalappam,"자동 후보 (원산지 P495, 언어판 12)",
kalu-dodol,칼루 도돌,Kalu dodol,LK,Kalu dodol,"자동 후보 (원산지 P495, 언어판 6)",
kevum,케움,Kevum,LK,Kevum,"자동 후보 (원산지 P495, 언어판 6)",
aluwa,알루와,Aluwa,LK,Aluwa,"자동 후보 (원산지 P495, 언어판 5)",
lamprais,람프라이스,Lamprais,LK,Lamprais,"자동 후보 (원산지 P495, 언어판 4)",
mallung,말룽,Mallung,LK,Mallung,"자동 후보 (원산지 P495, 언어판 4)",
bibikkan,비비칸,Bibikkan,LK,Bibikkan,"자동 후보 (원산지 P495, 언어판 3)",
chocolate-biscuit-pudding,초콜릿 비스킷 푸딩,Chocolate biscuit pudding,LK,Chocolate biscuit pudding,"자동 후보 (원산지 P495, 언어판 3)",
diyabath,디야바트,Diyabath,LK,Diyabath,"자동 후보 (원산지 P495, 언어판 3)",
malu-mirisata,말루 미리사타,Malu mirisata,LK,Malu mirisata,"자동 후보 (원산지 P495, 언어판 3)",
yellow-rice,노란밥,Yellow rice,LK,Yellow rice,"자동 후보 (분류 Sri Lankan cuisine, 언어판 10)",
kokis,코키스,Kokis,LK,Kokis,"자동 후보 (분류 Sri Lankan cuisine, 언어판 6)",
dosi,도시,Dosi,LK,Dosi (food),"자동 후보 (분류 Sri Lankan cuisine, 언어판 4)",
pol-sambol,폴 삼볼,Pol sambol,LK,Pol sambol,"자동 후보 (분류 Sri Lankan cuisine, 언어판 3)",
traditional-rice-of-sri-lanka,스리랑카 전통 쌀,Traditional rice of Sri Lanka,LK,Traditional rice of Sri Lanka,"자동 후보 (분류 Sri Lankan cuisine, 언어판 3)",
skilandis,스킬란디스,Skilandis,LT,Skilandis,"자동 후보 (원산지 P495, 언어판 18)",
kugelis,쿠겔리스,Kugelis,LT,Kugelis,"자동 후보 (원산지 P495, 언어판 17)",
kuciukai,쿠추카이,Kūčiukai,LT,Kūčiukai,"자동 후보 (원산지 P495, 언어판 12)",
apple-cheese,사과 치즈,Apple cheese,LT,Apple cheese,"자동 후보 (원산지 P495, 언어판 9)",
juka,유카,Juka,LT,Juka (soup),"자동 후보 (원산지 P495, 언어판 5)",
tinginys,팅기니스,Tinginys,LT,Tinginys,"자동 후보 (원산지 P495, 언어판 5)",
kibinai,키비나이,Kibinai,LT,Kibinai,"자동 후보 (분류 Lithuanian cuisine, 언어판 14)",
bouneschlupp,부네슐루프,Bouneschlupp,LU,Bouneschlupp,"자동 후보 (원산지 P495, 언어판 9)",
judd-mat-gaardebounen,유드 마트 가르데보우넨,Judd mat Gaardebounen,LU,Judd mat Gaardebounen,"자동 후보 (분류 Cuisine of Luxembourg, 언어판 13)",
traipen,트레이펜,Träipen,LU,Träipen,"자동 후보 (분류 Cuisine of Luxembourg, 언어판 5)",
quetschentaart,크베첸타르트,Quetschentaart,LU,Quetschentaart,"자동 후보 (분류 Cuisine of Luxembourg, 언어판 4)",
eisleker-ham,에이슬레커 햄,Éisleker Ham,LU,Éisleker Ham,"자동 후보 (분류 Cuisine of Luxembourg, 언어판 3)",
jani-cheese,야니 치즈,Jāņi cheese,LV,Jāņi cheese,"자동 후보 (원산지 P495, 언어판 22)",
alexandertorte,알렉산더토르테,Alexandertorte,LV,Alexandertorte,"자동 후보 (원산지 P495, 언어판 13)",
sklandrausis,스클란드라우시스,Sklandrausis,LV,Sklandrausis,"자동 후보 (원산지 P495, 언어판 13)",
rupjmaize,루프마이제,Rupjmaize,LV,Rupjmaize,"자동 후보 (원산지 P495, 언어판 11)",
layered-rye-bread,루프마이제스 카르토유므스,Layered rye bread,LV,Layered rye bread,"자동 후보 (원산지 P495, 언어판 5)",
spekrausi,스페크라우시,Speķrauši,LV,Speķrauši,"자동 후보 (원산지 P495, 언어판 4)",
rucava-white-butter,루차바 흰 버터,Rucava white butter,LV,Rucava white butter,"자동 후보 (원산지 P495, 언어판 2)",
pantaga,판타가,Pantāga,LV,Pantāga,"자동 후보 (분류 Latvian cuisine, 언어판 4)",
bazin,바진,Bazin,LY,Bazin (bread),"자동 후보 (원산지 P495, 언어판 14)",
usban,우스반,Usban,LY,Usban,"자동 후보 (원산지 P495, 언어판 14)",
mafrum,마프룸,Mafrum,LY,Mafrum,"자동 후보 (원산지 P495, 언어판 6)",
libyan-tea,리비아 차,Libyan tea,LY,Libyan tea,"자동 후보 (원산지 P495, 언어판 5)",
briouat,브리와트,Briouat,MA,Briouat,"자동 후보 (원산지 P495, 언어판 16)",
smen,스멘,Smen,MA,Smen,"자동 후보 (원산지 P495, 언어판 15)",
sellou,셀루,Sellou,MA,Sellou,"자동 후보 (원산지 P495, 언어판 13)",
mrouzia,므루지아,Mrouzia,MA,Mrouzia,"자동 후보 (원산지 P495, 언어판 12)",
rfissa,르피사,Rfissa,MA,Rfissa,"자동 후보 (원산지 P495, 언어판 11)",
taktouka,탁투카,Taktouka,MA,Taktouka,"자동 후보 (원산지 P495, 언어판 8)",
ahriche,아흐리시,Ahriche,MA,Ahriche,"자동 후보 (원산지 P495, 언어판 7)",
qrashel,크라셸,Qrashel,MA,Qrashel,"자동 후보 (원산지 P495, 언어판 7)",
tfaya,트파야,Tfaya,MA,Tfaya,"자동 후보 (원산지 P495, 언어판 7)",
zaazaa,자자,Zaazaa,MA,Zaazaa,"자동 후보 (원산지 P495, 언어판 7)",
meskouta,메스쿠타,Meskouta,MA,Meskouta,"자동 후보 (원산지 P495, 언어판 6)",
mhancha,므한샤,Mhancha,MA,Mhancha,"자동 후보 (원산지 P495, 언어판 6)",
babbouche,바부슈,Babbouche,MA,Babbouche,"자동 후보 (원산지 P495, 언어판 4)",
kourdass,쿠르다스,Kourdass,MA,Kourdass,"자동 후보 (원산지 P495, 언어판 3)",
amlu,암루,Amlu,MA,Amlu,"자동 후보 (분류 Moroccan cuisine, 언어판 12)",
boulfaf,불파프,Boulfaf,MA,Boulfaf,"자동 후보 (분류 Moroccan cuisine, 언어판 6)",
medfouna,메드푸나,Medfouna,MA,Medfouna,"자동 후보 (분류 Moroccan cuisine, 언어판 5)",
mamaliga,머멀리거,Mămăligă,MD,Mămăligă,"자동 후보 (원산지 P495, 언어판 35)",
cozonac,코조나크,Cozonac,MD,Cozonac,"자동 후보 (원산지 P495, 언어판 25)",
alivenci,알리벤치,Alivenci,MD,Alivenci,"자동 후보 (원산지 P495, 언어판 3)",
njeguski-prsut,녜구시 프르슈트,Njeguški pršut,ME,Njeguški pršut,"자동 후보 (원산지 P495, 언어판 9)",
koba,코바,Koba,MG,Koba (sweet),"자동 후보 (원산지 P495, 언어판 11)",
lasary,라사리,Lasary,MG,Lasary,"자동 후보 (원산지 P495, 언어판 7)",
mofo-gasy,무푸 가시,Mofo gasy,MG,Mofo gasy,"자동 후보 (원산지 P495, 언어판 6)",
ravitoto,라비투투,Ravitoto,MG,Ravitoto,"자동 후보 (분류 Malagasy cuisine, 언어판 7)",
lyutenitsa,류테니차,Lyutenitsa,MK,Lyutenitsa,"자동 후보 (원산지 P495, 언어판 27)",
tavce-gravce,타프체 그라프체,Tavče gravče,MK,Tavče gravče,"자동 후보 (원산지 P495, 언어판 27)",
pindjur,핀주르,Pindjur,MK,Pindjur,"자동 후보 (원산지 P495, 언어판 20)",
pastrmajlija,파스트르마일리야,Pastrmajlija,MK,Pastrmajlija,"자동 후보 (원산지 P495, 언어판 11)",
makalo,마칼로,Makalo,MK,Makalo,"자동 후보 (원산지 P495, 언어판 5)",
malidzano,말리자노,Malidzano,MK,Malidzano,"자동 후보 (원산지 P495, 언어판 5)",
gazoza,가조자,Gazoza,MK,Gazoza,"자동 후보 (분류 Macedonian cuisine, 언어판 3)",
taguella,타겔라,Taguella,ML,Taguella,"자동 후보 (원산지 P495, 언어판 11)",
ngome,은고메,Ngome,ML,Ngome (bread),"자동 후보 (원산지 P495, 언어판 2)",
lahpet,라페,Lahpet,MM,Lahpet,"자동 후보 (원산지 P495, 언어판 15)",
nam-ngiao,남응이아우,Nam ngiao,MM,Nam ngiao,"자동 후보 (원산지 P495, 언어판 13)",
burmese-tofu,버마 두부,Burmese tofu,MM,Burmese tofu,"자동 후보 (원산지 P495, 언어판 12)",
ohn-no-khao-swe,온 노 카웃스웨,Ohn no khao swè,MM,Ohn no khao swè,"자동 후보 (원산지 P495, 언어판 10)",
nan-gyi-thoke,난지 톳,Nan gyi thoke,MM,Nan gyi thoke,"자동 후보 (원산지 P495, 언어판 8)",
burmese-milk-tea,미얀마 밀크티,Burmese milk tea,MM,Burmese milk tea,"자동 후보 (원산지 P495, 언어판 7)",
khauk-swe-thoke,카웃스웨 톳,Khauk swè thoke,MM,Khauk swè thoke,"자동 후보 (원산지 P495, 언어판 7)",
khow-suey,카우사,Khow suey,MM,Khow suey,"자동 후보 (원산지 P495, 언어판 7)",
mont-di,몬 디,Mont di,MM,Mont di,"자동 후보 (원산지 P495, 언어판 7)",
burmese-salads,아톳,Burmese salads,MM,Burmese salads,"자동 후보 (원산지 P495, 언어판 6)",
kyay-oh,쩨 오,Kyay oh,MM,Kyay oh,"자동 후보 (원산지 P495, 언어판 6)",
sigyet-khauk-swe,시젯 카웃스웨,Sigyet khauk swè,MM,Sigyet khauk swè,"자동 후보 (원산지 P495, 언어판 6)",
htamane,타마네,Htamanè,MM,Htamanè,"자동 후보 (원산지 P495, 언어판 5)",
kat-kyi-kaik,깟찌깃,Kat kyi kaik,MM,Kat kyi kaik,"자동 후보 (원산지 P495, 언어판 5)",
meeshay,미셰,Meeshay,MM,Meeshay,"자동 후보 (원산지 P495, 언어판 5)",
pon-ye-gyi,뽄예지,Pon ye gyi,MM,Pon ye gyi,"자동 후보 (원산지 P495, 언어판 5)",
mont-lone-yay-baw,몬론예보,Mont lone yay baw,MM,Mont lone yay baw,"자동 후보 (원산지 P495, 언어판 4)",
pathein-halawa,파테인 할라와,Pathein halawa,MM,Pathein halawa,"자동 후보 (원산지 P495, 언어판 4)",
burmese-fried-rice,미얀마 볶음밥,Burmese fried rice,MM,Burmese fried rice,"자동 후보 (원산지 P495, 언어판 3)",
cassia-flower-bud-salad,카시아 꽃봉오리 샐러드,Cassia flower bud salad,MM,Cassia flower bud salad,"자동 후보 (원산지 P495, 언어판 3)",
htamin-jin,타민 진,Htamin jin,MM,Htamin jin,"자동 후보 (원산지 P495, 언어판 3)",
kya-zan-hinga,짜잔 힝가,Kya zan hinga,MM,Kya zan hinga,"자동 후보 (원산지 P495, 언어판 3)",
mohnyin-tjin,모닌 친,Mohnyin tjin,MM,Mohnyin tjin,"자동 후보 (원산지 P495, 언어판 3)",
no-htamin,노 타민,No htamin,MM,No htamin,"자동 후보 (원산지 P495, 언어판 2)",
ounhmangu,온마응우,Ounhmangu,MM,Ounhmangu,"자동 후보 (원산지 P495, 언어판 2)",
pe-htaw-bhut-htamin,페 토 붓 타민,Pe htaw bhut htamin,MM,Pe htaw bhut htamin,"자동 후보 (원산지 P495, 언어판 2)",
shwe-htamin,슈웨 타민,Shwe htamin,MM,Shwe htamin,"자동 후보 (원산지 P495, 언어판 2)",
buuz,부즈,Buuz,MN,Buuz,"자동 후보 (원산지 P495, 언어판 24)",
suutei-tsai,수테 차이,Suutei tsai,MN,Suutei tsai,"자동 후보 (원산지 P495, 언어판 24)",
tsuivan,초이왕,Tsuivan,MN,Tsuivan,"자동 후보 (원산지 P495, 언어판 10)",
boodog,보도그,Boodog,MN,Boodog,"자동 후보 (원산지 P495, 언어판 8)",
ul-boov,울 보우,Ul boov,MN,Ul boov,"자동 후보 (원산지 P495, 언어판 5)",
bansh,반시,Bansh,MN,Bansh,"자동 후보 (원산지 P495, 언어판 4)",
borts,보르츠,Borts,MN,Borts,"자동 후보 (분류 Mongolian cuisine, 언어판 9)",
ftira,프티라,Ftira,MT,Ftira,"자동 후보 (원산지 P495, 언어판 21)",
maltese-bread,몰타 빵,Maltese bread,MT,Maltese bread,"자동 후보 (원산지 P495, 언어판 12)",
kusksu,쿠스쿠,Kusksu,MT,Kusksu,"자동 후보 (원산지 P495, 언어판 10)",
stuffat-tal-fenek,스투파트 탈페네크,Stuffat tal-Fenek,MT,Stuffat tal-Fenek,"자동 후보 (원산지 P495, 언어판 8)",
bigilla,비질라,Bigilla,MT,Bigilla,"자동 후보 (원산지 P495, 언어판 5)",
imqaret,임아레트,Imqaret,MT,Imqaret,"자동 후보 (분류 Maltese cuisine, 언어판 14)",
kawlata,카울라타,Kawlata,MT,Kawlata,"자동 후보 (분류 Maltese cuisine, 언어판 4)",
prinjolata,프린욜라타,Prinjolata,MT,Prinjolata,"자동 후보 (분류 Maltese cuisine, 언어판 4)",
rougaille,루가유,Rougaille,MU,Rougaille,"자동 후보 (원산지 P495, 언어판 4)",
maldives-fish,몰디브 피시,Maldives fish,MV,Maldives fish,"자동 후보 (원산지 P495, 언어판 10)",
garudhiya,가루디야,Garudhiya,MV,Garudhiya,"자동 후보 (원산지 P495, 언어판 8)",
mas-riha,마스 리하,Mas riha,MV,Mas riha,"자동 후보 (원산지 P495, 언어판 7)",
gulha,굴라,Gulha,MV,Gulha,"자동 후보 (원산지 P495, 언어판 6)",
maskurolhi,마스쿠롤리,Maskurolhi,MV,Maskurolhi,"자동 후보 (원산지 P495, 언어판 2)",
miruhulee-boava,미루훌리 보아바,Miruhulee boava,MV,Miruhulee boava,"자동 후보 (원산지 P495, 언어판 2)",
rihaakuru,리허쿠루,Rihaakuru,MV,Rihaakuru,"자동 후보 (분류 Maldivian cuisine, 언어판 5)",
kandu-kukulhu,칸두 쿠쿨루,Kandu kukulhu,MV,Kandu kukulhu,"자동 후보 (분류 Maldivian cuisine, 언어판 3)",
usipa,우시파,Usipa,MW,Usipa,"자동 후보 (원산지 P495, 언어판 7)",
thobwa,토브와,Thobwa,MW,Thobwa,"자동 후보 (원산지 P495, 언어판 3)",
kondowole,콘도월레,Kondowole,MW,Kondowole,"자동 후보 (분류 Malawian cuisine, 언어판 4)",
burrito,부리토,Burrito,MX,Burrito,"자동 후보 (원산지 P495, 언어판 59)",
nachos,나초,Nachos,MX,Nachos,"자동 후보 (원산지 P495, 언어판 55)",
quesadilla,케사디야,Quesadilla,MX,Quesadilla,"자동 후보 (원산지 P495, 언어판 44)",
enchilada,엔칠라다,Enchilada,MX,Enchilada,"자동 후보 (원산지 P495, 언어판 43)",
salsa,살사,Salsa,MX,Salsa (food),"자동 후보 (원산지 P495, 언어판 42)",
fajita,파히타,Fajita,MX,Fajita,"자동 후보 (원산지 P495, 언어판 36)",
pico-de-gallo,피코 데 가요,Pico de gallo,MX,Pico de gallo,"자동 후보 (원산지 P495, 언어판 28)",
chipotle,치포틀레,Chipotle,MX,Chipotle,"자동 후보 (원산지 P495, 언어판 27)",
tortilla-chips,토르티야 칩,Tortilla chips,MX,Tortilla chips,"자동 후보 (원산지 P495, 언어판 27)",
atole,아톨레,Atole,MX,Atole,"자동 후보 (원산지 P495, 언어판 24)",
chimichanga,치미창가,Chimichanga,MX,Chimichanga,"자동 후보 (원산지 P495, 언어판 24)",
tostada,토스타다,Tostada,MX,Tostada (tortilla),"자동 후보 (원산지 P495, 언어판 18)",
pan-de-muerto,판 데 무에르토,Pan de muerto,MX,Pan de muerto,"자동 후보 (원산지 P495, 언어판 17)",
refried-beans,프리홀레스 레프리토스,Refried beans,MX,Refried beans,"자동 후보 (원산지 P495, 언어판 17)",
birria,비리아,Birria,MX,Birria,"자동 후보 (원산지 P495, 언어판 16)",
chile-con-queso,칠레 콘 케소,Chile con queso,MX,Chile con queso,"자동 후보 (원산지 P495, 언어판 16)",
huevos-rancheros,우에보스 란체로스,Huevos rancheros,MX,Huevos rancheros,"자동 후보 (원산지 P495, 언어판 15)",
oaxaca-cheese,오아하카 치즈,Oaxaca cheese,MX,Oaxaca cheese,"자동 후보 (원산지 P495, 언어판 15)",
al-pastor,알 파스토르,Al pastor,MX,Al pastor,"자동 후보 (원산지 P495, 언어판 14)",
menudo,메누도,Menudo,MX,Menudo (Mexican soup),"자동 후보 (원산지 P495, 언어판 14)",
taquito,타키토,Taquito,MX,Taquito,"자동 후보 (원산지 P495, 언어판 14)",
esquites,에스키테스,Esquites,MX,Esquites,"자동 후보 (원산지 P495, 언어판 12)",
tlayuda,틀라유다,Tlayuda,MX,Tlayuda,"자동 후보 (원산지 P495, 언어판 12)",
carnitas,카르니타스,Carnitas,MX,Carnitas,"자동 후보 (원산지 P495, 언어판 11)",
chalupa,찰루파,Chalupa,MX,Chalupa,"자동 후보 (원산지 P495, 언어판 11)",
champurrado,참푸라도,Champurrado,MX,Champurrado,"자동 후보 (원산지 P495, 언어판 11)",
salsa-verde,살사 베르데,Salsa verde,MX,Salsa verde,"자동 후보 (원산지 P495, 언어판 11)",
sope,소페,Sope,MX,Sope (food),"자동 후보 (원산지 P495, 언어판 11)",
chamoy,차모이,Chamoy,MX,Chamoy (sauce),"자동 후보 (원산지 P495, 언어판 10)",
concha,콘차,Concha,MX,Concha,"자동 후보 (원산지 P495, 언어판 10)",
flour-tortilla,밀 토르티야,Flour tortilla,MX,Flour tortilla,"자동 후보 (원산지 P495, 언어판 10)",
mexican-rice,멕시칸 라이스,Mexican rice,MX,Mexican rice,"자동 후보 (원산지 P495, 언어판 10)",
sopa-de-lima,소파 데 리마,Sopa de lima,MX,Sopa de lima,"자동 후보 (원산지 P495, 언어판 10)",
totopo,토토포,Totopo,MX,Totopo,"자동 후보 (원산지 P495, 언어판 10)",
bolillo,볼리요,Bolillo,MX,Bolillo,"자동 후보 (원산지 P495, 언어판 9)",
carne-asada,카르네 아사다,Carne asada,MX,Carne asada,"자동 후보 (원산지 P495, 언어판 9)",
coyotas,코요타,Coyotas,MX,Coyotas,"자동 후보 (원산지 P495, 언어판 9)",
gordita,고르디타,Gordita,MX,Gordita,"자동 후보 (원산지 P495, 언어판 9)",
memela,메멜라,Memela,MX,Memela,"자동 후보 (원산지 P495, 언어판 9)",
sonoran-hot-dog,소노라 핫도그,Sonoran hot dog,MX,Sonoran hot dog,"자동 후보 (원산지 P495, 언어판 9)",
walnut-soup,호두 수프,Walnut soup,MX,Walnut soup,"자동 후보 (원산지 P495, 언어판 9)",
alambre,알람브레,Alambre,MX,Alambre,"자동 후보 (원산지 P495, 언어판 8)",
caldo-tlalpeno,칼도 틀랄페뇨,Caldo tlalpeño,MX,Caldo tlalpeño,"자동 후보 (원산지 P495, 언어판 8)",
capirotada,카피로타다,Capirotada,MX,Capirotada,"자동 후보 (원산지 P495, 언어판 8)",
chile-relleno,칠레 레예노,Chile relleno,MX,Chile relleno,"자동 후보 (원산지 P495, 언어판 8)",
cotija-cheese,코티하 치즈,Cotija cheese,MX,Cotija cheese,"자동 후보 (원산지 P495, 언어판 8)",
huachinango-a-la-veracruzana,우아치난고 아 라 베라크루사나,Huachinango a la Veracruzana,MX,Huachinango a la Veracruzana,"자동 후보 (원산지 P495, 언어판 8)",
huevos-motulenos,우에보스 모툴레뇨스,Huevos motuleños,MX,Huevos motuleños,"자동 후보 (원산지 P495, 언어판 8)",
machaca,마차카,Machaca,MX,Machaca,"자동 후보 (원산지 P495, 언어판 8)",
torta-ahogada,토르타 아오가다,Torta ahogada,MX,Torta ahogada,"자동 후보 (원산지 P495, 언어판 8)",
aguachile,아과칠레,Aguachile,MX,Aguachile,"자동 후보 (원산지 P495, 언어판 7)",
cemita,세미타,Cemita,MX,Cemita,"자동 후보 (원산지 P495, 언어판 7)",
corunda,코룬다,Corunda,MX,Corunda,"자동 후보 (원산지 P495, 언어판 7)",
entomatada,엔토마타다,Entomatada,MX,Entomatada,"자동 후보 (원산지 P495, 언어판 7)",
guajolota,과홀로타,Guajolota,MX,Guajolota,"자동 후보 (원산지 P495, 언어판 7)",
jumiles,후밀,Jumiles,MX,Jumiles,"자동 후보 (원산지 P495, 언어판 7)",
pambazo,팜바소,Pambazo,MX,Pambazo,"자동 후보 (원산지 P495, 언어판 7)",
queso-flameado,케소 플라메아도,Queso flameado,MX,Queso flameado,"자동 후보 (원산지 P495, 언어판 7)",
taco-pizza,타코 피자,Taco pizza,MX,Taco pizza,"자동 후보 (원산지 P495, 언어판 7)",
ketupat,크투팟,Ketupat,MY,Ketupat,"자동 후보 (원산지 P495, 언어판 34)",
bak-kut-teh,바쿠테,Bak kut teh,MY,Bak kut teh,"자동 후보 (원산지 P495, 언어판 22)",
hokkien-mee,호키엔 미,Hokkien mee,MY,Hokkien mee,"자동 후보 (원산지 P495, 언어판 18)",
teh-tarik,테 타릭,Teh tarik,MY,Teh tarik,"자동 후보 (원산지 P495, 언어판 17)",
ais-kacang,아이스 카창,Ais kacang,MY,Ais kacang,"자동 후보 (원산지 P495, 언어판 15)",
batik-cake,바틱 케이크,Batik cake,MY,Batik cake,"자동 후보 (원산지 P495, 언어판 15)",
bubur-cha-cha,부부르 차차,Bubur cha cha,MY,Bubur cha cha,"자동 후보 (원산지 P495, 언어판 14)",
nasi-kerabu,나시 케라부,Nasi kerabu,MY,Nasi kerabu,"자동 후보 (원산지 P495, 언어판 14)",
curry-mee,커리 미,Curry mee,MY,Curry mee,"자동 후보 (원산지 P495, 언어판 13)",
roti-jala,로티 잘라,Roti jala,MY,Roti jala,"자동 후보 (원산지 P495, 언어판 12)",
roti-tissue,로티 티슈,Roti tissue,MY,Roti tissue,"자동 후보 (원산지 P495, 언어판 12)",
ayam-masak-merah,아얌 마삭 메라,Ayam masak merah,MY,Ayam masak merah,"자동 후보 (원산지 P495, 언어판 11)",
bahulu,바훌루,Bahulu,MY,Bahulu,"자동 후보 (원산지 P495, 언어판 11)",
jemput-jemput,젬풋젬풋,Jemput-jemput,MY,Jemput-jemput,"자동 후보 (원산지 P495, 언어판 11)",
kue-cucur,쿠에 추추르,Kue cucur,MY,Kue cucur,"자동 후보 (원산지 P495, 언어판 11)",
nasi-goreng-pattaya,나시 고렝 파타야,Nasi goreng pattaya,MY,Nasi goreng pattaya,"자동 후보 (원산지 P495, 언어판 11)",
sarawak-layer-cake,사라왁 레이어 케이크,Sarawak layer cake,MY,Sarawak layer cake,"자동 후보 (원산지 P495, 언어판 11)",
budu,부두,Budu,MY,Budu (sauce),"자동 후보 (원산지 P495, 언어판 10)",
lekor,레코르,Lekor,MY,Lekor,"자동 후보 (원산지 P495, 언어판 9)",
lor-mee,로미,Lor mee,MY,Lor mee,"자동 후보 (원산지 P495, 언어판 9)",
hinava,히나바,Hinava,MY,Hinava,"자동 후보 (원산지 P495, 언어판 8)",
lok-lok,록록,Lok-lok,MY,Lok-lok,"자동 후보 (원산지 P495, 언어판 8)",
pinjaram,쿠이 핀자람,Pinjaram,MY,Pinjaram,"자동 후보 (원산지 P495, 언어판 8)",
ayam-pansuh,아얌 판수,Ayam pansuh,MY,Ayam pansuh,"자동 후보 (원산지 P495, 언어판 7)",
cincalok,친찰록,Cincalok,MY,Cincalok,"자동 후보 (원산지 P495, 언어판 7)",
cincin,쿠이 친친,Cincin,MY,Cincin,"자동 후보 (원산지 P495, 언어판 7)",
lamban,람반,Lamban,MY,Lamban,"자동 후보 (원산지 P495, 언어판 6)",
akok,아콕,Akok,MY,Akok (food),"자동 후보 (원산지 P495, 언어판 5)",
bosou,보소우,Bosou,MY,Bosou,"자동 후보 (원산지 P495, 언어판 5)",
karas,카라스,Karas,MY,Karas (food),"자동 후보 (원산지 P495, 언어판 5)",
kolo-mee,콜로 미,Kolo mee,MY,Kolo mee,"자동 후보 (원산지 P495, 언어판 5)",
kue-semprit,쿠에 슴프릿,Kue semprit,MY,Kue semprit,"자동 후보 (원산지 P495, 언어판 5)",
nasi-lemuni,나시 레무니,Nasi lemuni,MY,Nasi lemuni,"자동 후보 (원산지 P495, 언어판 5)",
nasi-tumpang,나시 툼팡,Nasi tumpang,MY,Nasi tumpang,"자동 후보 (원산지 P495, 언어판 5)",
tuhau,투하우,Tuhau,MY,Tuhau,"자동 후보 (원산지 P495, 언어판 5)",
peanut-curry,카릴 드 아멘도잉,Peanut curry,MZ,Peanut curry,"자동 후보 (분류 Mozambican cuisine, 언어판 5)",
garri,가리,Garri,NG,Garri,"자동 후보 (원산지 P495, 언어판 20)",
moin-moin,모잉모잉,Moin moin,NG,Moin moin,"자동 후보 (원산지 P495, 언어판 17)",
eba,에바,Eba,NG,Eba,"자동 후보 (원산지 P495, 언어판 16)",
afang-soup,아팡 수프,Afang soup,NG,Afang soup,"자동 후보 (원산지 P495, 언어판 15)",
kuli-kuli,쿨리쿨리,Kuli-kuli,NG,Kuli-kuli,"자동 후보 (원산지 P495, 언어판 15)",
palm-nut-soup,팜너트 수프,Palm nut soup,NG,Palm nut soup,"자동 후보 (원산지 P495, 언어판 15)",
suya,수야,Suya,NG,Suya,"자동 후보 (원산지 P495, 언어판 15)",
kilishi,킬리시,Kilishi,NG,Kilishi,"자동 후보 (원산지 P495, 언어판 13)",
chin-chin,친친,Chin chin,NG,Chin chin,"자동 후보 (원산지 P495, 언어판 12)",
amala,아말라,Amala,NG,Amala (food),"자동 후보 (원산지 P495, 언어판 11)",
ekuru,에쿠루,Ekuru,NG,Ekuru,"자동 후보 (원산지 P495, 언어판 11)",
ogbono-soup,오그보노 수프,Ogbono soup,NG,Ogbono soup,"자동 후보 (원산지 P495, 언어판 10)",
boli,볼리,Boli,NG,Boli (plantain),"자동 후보 (원산지 P495, 언어판 9)",
ewa-aganyin,에와 아간인,Ewa aganyin,NG,Ewa aganyin,"자동 후보 (원산지 P495, 언어판 9)",
isi-ewu,이시 에우,Isi ewu,NG,Isi ewu,"자동 후보 (원산지 P495, 언어판 9)",
okpa,오크파,Okpa,NG,Okpa,"자동 후보 (원산지 P495, 언어판 9)",
abacha,아바차,Abacha,NG,Abacha (food),"자동 후보 (원산지 P495, 언어판 8)",
abula,아불라,Abula,NG,Abula (soup),"자동 후보 (원산지 P495, 언어판 8)",
alkaki,알카키,Alkaki,NG,Alkaki,"자동 후보 (원산지 P495, 언어판 8)",
draw-soup,드로 수프,Draw soup,NG,Draw soup,"자동 후보 (원산지 P495, 언어판 8)",
echicha,에치차,Echicha,NG,Echicha,"자동 후보 (원산지 P495, 언어판 8)",
edikang-ikong,에디캉 이콩,Edikang ikong,NG,Edikang ikong,"자동 후보 (원산지 P495, 언어판 8)",
egbo,에그보,Egbo,NG,Egbo (food),"자동 후보 (원산지 P495, 언어판 8)",
funkaso,푼카소,Funkaso,NG,Funkaso,"자동 후보 (원산지 P495, 언어판 8)",
fura,푸라,Fura,NG,Fura (food),"자동 후보 (원산지 P495, 언어판 8)",
kokoro,코코로,Kokoro,NG,Kokoro (snack food),"자동 후보 (원산지 P495, 언어판 8)",
aadun,아둔,Aadun,NG,Aadun,"자동 후보 (원산지 P495, 언어판 7)",
dan-wake,단 와케,Dan wake,NG,Dan wake,"자동 후보 (원산지 P495, 언어판 7)",
gizdodo,기즈도도,Gizdodo,NG,Gizdodo,"자동 후보 (원산지 P495, 언어판 7)",
ofada-rice,오파다 라이스,Ofada rice,NG,Ofada rice,"자동 후보 (원산지 P495, 언어판 7)",
ofe-achara,오페 아차라,Ofe Achara,NG,Ofe Achara,"자동 후보 (원산지 P495, 언어판 7)",
ogi,오기,Ogi,NG,Ogi (food),"자동 후보 (원산지 P495, 언어판 7)",
pounded-yam,이양,Pounded yam,NG,Pounded yam,"자동 후보 (원산지 P495, 언어판 7)",
ukwa,우크와,Ukwa,NG,Ukwa (food),"자동 후보 (원산지 P495, 언어판 7)",
agidi,아기디,Agidi,NG,Agidi,"자동 후보 (원산지 P495, 언어판 6)",
banga-rice,방가 라이스,Banga rice,NG,Banga rice,"자동 후보 (원산지 P495, 언어판 6)",
kunu,쿠누,Kunu,NG,Kunu,"자동 후보 (원산지 P495, 언어판 6)",
miyan-taushe,미얀 타우셰,Miyan taushe,NG,Miyan taushe,"자동 후보 (원산지 P495, 언어판 6)",
ofe-oha,오페 오하,Ofe Oha,NG,Ofe Oha,"자동 후보 (원산지 P495, 언어판 6)",
ofe-owerri,오페 오웨리,Ofe Owerri,NG,Ofe Owerri,"자동 후보 (원산지 P495, 언어판 6)",
otong-soup,오통 수프,Otong soup,NG,Otong soup,"자동 후보 (원산지 P495, 언어판 6)",
pawpaw-soup,파파야 수프,Pawpaw soup,NG,Pawpaw soup,"자동 후보 (원산지 P495, 언어판 6)",
adalu,아달루,Adalu,NG,Adalu (food),"자동 후보 (원산지 P495, 언어판 5)",
afia-efere,아피아 에페레,Afia Efere,NG,Afia Efere,"자동 후보 (원산지 P495, 언어판 5)",
nacatamal,나카타말,Nacatamal,NI,Nacatamal,"자동 후보 (원산지 P495, 언어판 10)",
guirila,귀릴라,Güirila,NI,Güirila,"자동 후보 (원산지 P495, 언어판 5)",
pio-quinto,피오 킨토,Pio Quinto,NI,Pio Quinto,"자동 후보 (원산지 P495, 언어판 3)",
vigoron,비고론,Vigorón,NI,Vigorón,"자동 후보 (분류 Nicaraguan cuisine, 언어판 4)",
gouda-cheese,고다 치즈,Gouda cheese,NL,Gouda cheese,"자동 후보 (분류 Dutch cuisine, 언어판 60)",
maasdam-cheese,마스담 치즈,Maasdam cheese,NL,Maasdam cheese,"자동 후보 (분류 Dutch cuisine, 언어판 27)",
bitterballen,비터발른,Bitterballen,NL,Bitterballen,"자동 후보 (분류 Dutch cuisine, 언어판 26)",
tompouce,톰푸스,Tompouce,NL,Tompouce,"자동 후보 (분류 Dutch cuisine, 언어판 20)",
leyden-cheese,레이던 치즈,Leyden cheese,NL,Leyden cheese,"자동 후보 (분류 Dutch cuisine, 언어판 18)",
hachee,하셰,Hachee,NL,Hachee,"자동 후보 (분류 Dutch cuisine, 언어판 17)",
rookworst,로크보르스트,Rookworst,NL,Rookworst,"자동 후보 (분류 Dutch cuisine, 언어판 15)",
tiger-bread,타이거 브레드,Tiger bread,NL,Tiger bread,"자동 후보 (분류 Dutch cuisine, 언어판 13)",
kibbeling,키벨링,Kibbeling,NL,Kibbeling,"자동 후보 (분류 Dutch cuisine, 언어판 12)",
zeeuwse-bolus,제우서 볼루스,Zeeuwse bolus,NL,Zeeuwse bolus,"자동 후보 (분류 Dutch cuisine, 언어판 11)",
balkenbrij,발컨브레이,Balkenbrij,NL,Balkenbrij,"자동 후보 (분류 Dutch cuisine, 언어판 10)",
muisjes,마위스여스,Muisjes,NL,Muisjes,"자동 후보 (분류 Dutch cuisine, 언어판 10)",
suikerbrood,사위커르브로트,Suikerbrood,NL,Suikerbrood,"자동 후보 (분류 Dutch cuisine, 언어판 10)",
hopje,호피어,Hopje,NL,Hopje,"자동 후보 (분류 Dutch cuisine, 언어판 9)",
roze-koek,로제 쿠크,Roze koek,NL,Roze koek,"자동 후보 (분류 Dutch cuisine, 언어판 9)",
metworst,메트보르스트,Metworst,NL,Metworst,"자동 후보 (분류 Dutch cuisine, 언어판 8)",
ossenworst,오선보르스트,Ossenworst,NL,Ossenworst,"자동 후보 (분류 Dutch cuisine, 언어판 8)",
poffert,포퍼르트,Poffert,NL,Poffert,"자동 후보 (분류 Dutch cuisine, 언어판 8)",
slavink,슬라빙크,Slavink,NL,Slavink,"자동 후보 (분류 Dutch cuisine, 언어판 8)",
boerenkaas,부런카스,Boerenkaas,NL,Boerenkaas,"자동 후보 (분류 Dutch cuisine, 언어판 7)",
joppie-sauce,요피 소스,Joppie sauce,NL,Joppie sauce,"자동 후보 (분류 Dutch cuisine, 언어판 7)",
krentjebrij,크렌체브레이,Krentjebrij,NL,Krentjebrij,"자동 후보 (분류 Dutch cuisine, 언어판 7)",
drabbelkoek,드라벌쿡,Drabbelkoek,NL,Drabbelkoek,"자동 후보 (분류 Dutch cuisine, 언어판 6)",
dutch-letter,더치 레터,Dutch letter,NL,Dutch letter,"자동 후보 (분류 Dutch cuisine, 언어판 6)",
gevulde-koek,헤뷜더 쿡,Gevulde koek,NL,Gevulde koek,"자동 후보 (분류 Dutch cuisine, 언어판 6)",
uitsmijter,아위트스메이터르,Uitsmijter,NL,Uitsmijter,"자동 후보 (분류 Dutch cuisine, 언어판 6)",
beemster-cheese,벰스터르 치즈,Beemster cheese,NL,Beemster cheese,"자동 후보 (분류 Dutch cuisine, 언어판 5)",
friesian-clove,프리슬란트 정향 치즈,Friesian Clove,NL,Friesian Clove,"자동 후보 (분류 Dutch cuisine, 언어판 5)",
fritessaus,프리트소스,Fritessaus,NL,Fritessaus,"자동 후보 (분류 Dutch cuisine, 언어판 5)",
graskaas,흐라스카스,Graskaas,NL,Graskaas,"자동 후보 (분류 Dutch cuisine, 언어판 5)",
kanterkaas,칸터르카스,Kanterkaas,NL,Kanterkaas,"자동 후보 (분류 Dutch cuisine, 언어판 5)",
zeeuws-spek,제우스 스펙,Zeeuws spek,NL,Zeeuws spek,"자동 후보 (분류 Dutch cuisine, 언어판 5)",
lutefisk,루테피스크,Lutefisk,NO,Lutefisk,"자동 후보 (원산지 P495, 언어판 33)",
brunost,브루노스트,Brunost,NO,Brunost,"자동 후보 (원산지 P495, 언어판 28)",
krumkake,크룸카케,Krumkake,NO,Krumkake,"자동 후보 (원산지 P495, 언어판 23)",
gamalost,가말로스트,Gamalost,NO,Gamalost,"자동 후보 (원산지 P495, 언어판 22)",
lefse,레프세,Lefse,NO,Lefse,"자동 후보 (원산지 P495, 언어판 22)",
rakfisk,라크피스크,Rakfisk,NO,Rakfisk,"자동 후보 (원산지 P495, 언어판 19)",
smalahove,스말라호베,Smalahove,NO,Smalahove,"자동 후보 (원산지 P495, 언어판 18)",
flatbrd,플라트브뢰드,Flatbrød,NO,Flatbrød,"자동 후보 (원산지 P495, 언어판 14)",
sauteed-reindeer,핀비프,Sautéed reindeer,NO,Sautéed reindeer,"자동 후보 (원산지 P495, 언어판 13)",
rmmegrt,뢰메그뢰트,Rømmegrøt,NO,Rømmegrøt,"자동 후보 (원산지 P495, 언어판 12)",
raspeball,라스페볼,Raspeball,NO,Raspeball,"자동 후보 (원산지 P495, 언어판 11)",
smultring,스물트링,Smultring,NO,Smultring,"자동 후보 (원산지 P495, 언어판 11)",
pultost,풀토스트,Pultost,NO,Pultost,"자동 후보 (원산지 P495, 언어판 10)",
school-bread,스쿨레브뢰드,School bread,NO,School bread,"자동 후보 (원산지 P495, 언어판 10)",
fltemysost,플뢰테뮈스오스트,Fløtemysost,NO,Fløtemysost,"자동 후보 (원산지 P495, 언어판 8)",
goro,고로,Goro,NO,Goro (biscuit),"자동 후보 (원산지 P495, 언어판 8)",
fenalar,페날로르,Fenalår,NO,Fenalår,"자동 후보 (원산지 P495, 언어판 7)",
herring-salad,청어 샐러드,Herring salad,NO,Herring salad,"자동 후보 (원산지 P495, 언어판 7)",
espresso-and-tonic,에스프레소 토닉,Espresso and tonic,NO,Espresso and tonic,"자동 후보 (원산지 P495, 언어판 6)",
gomme,곰메,Gomme,NO,Gomme (food),"자동 후보 (원산지 P495, 언어판 6)",
krotekake,크로테카케,Krotekake,NO,Krotekake,"자동 후보 (원산지 P495, 언어판 6)",
kvfjord-cake,크배피오르 케이크,Kvæfjord cake,NO,Kvæfjord cake,"자동 후보 (원산지 P495, 언어판 6)",
sandbakelse,산바켈세,Sandbakelse,NO,Sandbakelse,"자동 후보 (원산지 P495, 언어판 6)",
multekrem,물테크렘,Multekrem,NO,Multekrem,"자동 후보 (원산지 P495, 언어판 5)",
fyrstekake,퓌르스테카케,Fyrstekake,NO,Fyrstekake,"자동 후보 (원산지 P495, 언어판 4)",
kraftkar,크라프트카르,Kraftkar,NO,Kraftkar,"자동 후보 (원산지 P495, 언어판 4)",
kveik,크베이크,Kveik,NO,Kveik,"자동 후보 (원산지 P495, 언어판 4)",
smash,스마시,Smash,NO,Smash (chocolate),"자동 후보 (원산지 P495, 언어판 4)",
skjenning,셰닝,Skjenning,NO,Skjenning,"자동 후보 (원산지 P495, 언어판 3)",
heidal-cheese,헤이달 치즈,Heidal cheese,NO,Heidal cheese,"자동 후보 (원산지 P495, 언어판 2)",
chhurpi,추르피,Chhurpi,NP,Chhurpi,"자동 후보 (원산지 P495, 언어판 19)",
yak-butter,야크 버터,Yak butter,NP,Yak butter,"자동 후보 (원산지 P495, 언어판 17)",
thekua,테쿠아,Thekua,NP,Thekua,"자동 후보 (원산지 P495, 언어판 14)",
kinema,키네마,Kinema,NP,Kinema,"자동 후보 (원산지 P495, 언어판 11)",
dhindo,딘도,Dhindo,NP,Dhindo,"자동 후보 (원산지 P495, 언어판 9)",
sekuwa,세쿠와,Sekuwa,NP,Sekuwa,"자동 후보 (원산지 P495, 언어판 7)",
sinki,신키,Sinki,NP,Sinki (food),"자동 후보 (원산지 P495, 언어판 7)",
chataamari,차타마리,Chataamari,NP,Chataamari,"자동 후보 (원산지 P495, 언어판 4)",
lakhamari,라카마리,Lakhamari,NP,Lakhamari,"자동 후보 (원산지 P495, 언어판 4)",
baji,바지,Baji,NP,Baji (food),"자동 후보 (원산지 P495, 언어판 2)",
pukala,푸칼라,Pukala,NP,Pukala,"자동 후보 (원산지 P495, 언어판 2)",
sohari,소하리,Sohari,NP,Sohari,"자동 후보 (원산지 P495, 언어판 2)",
press-cake,깻묵,Press cake,NP,Press cake,"자동 후보 (분류 Nepalese cuisine, 언어판 28)",
nepali-tea,네팔 홍차,Nepali tea,NP,Nepali tea,"자동 후보 (분류 Nepalese cuisine, 언어판 10)",
kwati,콰티,Kwati,NP,Kwati (soup),"자동 후보 (분류 Nepalese cuisine, 언어판 7)",
chukauni,추카우니,Chukauni,NP,Chukauni,"자동 후보 (분류 Nepalese cuisine, 언어판 4)",
dhikri,디크리,Dhikri,NP,Dhikri,"자동 후보 (분류 Nepalese cuisine, 언어판 4)",
gwaramari,과라마리,Gwaramari,NP,Gwaramari,"자동 후보 (분류 Nepalese cuisine, 언어판 3)",
laping,라핑,Laping,NP,Laping,"자동 후보 (분류 Nepalese cuisine, 언어판 3)",
pavlova,파블로바,Pavlova,NZ,Pavlova,"자동 후보 (원산지 P495, 언어판 38)",
flat-white,플랫 화이트,Flat white,NZ,Flat white,"자동 후보 (원산지 P495, 언어판 26)",
manuka-honey,마누카 꿀,Mānuka honey,NZ,Mānuka honey,"자동 후보 (원산지 P495, 언어판 18)",
afghan,아프간 비스킷,Afghan,NZ,Afghan (biscuit),"자동 후보 (원산지 P495, 언어판 12)",
meat-pie-nz,미트 파이,Meat pie,NZ,Meat pie (Australia and New Zealand),"자동 후보 (원산지 P495, 언어판 12)",
hokey-pokey,호키 포키,Hokey pokey,NZ,Hokey pokey (ice cream),"자동 후보 (원산지 P495, 언어판 6)",
cheese-roll,치즈 롤,Cheese roll,NZ,Cheese roll,"자동 후보 (원산지 P495, 언어판 5)",
colonial-goose,콜로니얼 구스,Colonial goose,NZ,Colonial goose,"자동 후보 (원산지 P495, 언어판 5)",
lolly-cake,롤리 케이크,Lolly cake,NZ,Lolly cake,"자동 후보 (원산지 P495, 언어판 5)",
rewena-bread,레웨나 빵,Rēwena bread,NZ,Rēwena bread,"자동 후보 (원산지 P495, 언어판 5)",
chocolate-fish,초콜릿 피시,Chocolate fish,NZ,Chocolate fish,"자동 후보 (원산지 P495, 언어판 4)",
vanilla-slice,바닐라 슬라이스,Vanilla slice,NZ,Vanilla slice,"자동 후보 (원산지 P495, 언어판 3)",
jelly-slice,젤리 슬라이스,Jelly slice,NZ,Jelly slice,"자동 후보 (원산지 P495, 언어판 2)",
kiwi-onion-dip,키위 어니언 딥,Kiwi onion dip,NZ,Kiwi onion dip,"자동 후보 (원산지 P495, 언어판 2)",
louise-cake,루이즈 케이크,Louise cake,NZ,Louise cake,"자동 후보 (원산지 P495, 언어판 2)",
paua,파우아,Pāua,NZ,Pāua,"자동 후보 (분류 New Zealand cuisine, 언어판 10)",
boil-up,보일 업,Boil up,NZ,Boil up,"자동 후보 (분류 New Zealand cuisine, 언어판 5)",
v,브이 에너지 드링크,V,NZ,V (drink),"자동 후보 (분류 New Zealand cuisine, 언어판 5)",
lemon-te-aroha,레몬 앤드 테 아로하,Lemon & Te Aroha,NZ,Lemon & Te Aroha,"자동 후보 (분류 New Zealand cuisine, 언어판 2)",
mince-on-toast,민스 온 토스트,Mince on toast,NZ,Mince on toast,"자동 후보 (분류 New Zealand cuisine, 언어판 2)",
khaliat-nahl,칼리아트 나흘,Khaliat nahl,OM,Khaliat nahl,"자동 후보 (원산지 P495, 언어판 5)",
salchipapa,살치파파,Salchipapa,PE,Salchipapa,"자동 후보 (원산지 P495, 언어판 18)",
aji,아히,Ají,PE,Ají (sauce),"자동 후보 (원산지 P495, 언어판 14)",
picarones,피카론,Picarones,PE,Picarones,"자동 후보 (원산지 P495, 언어판 14)",
carapulcra,카라풀크라,Carapulcra,PE,Carapulcra,"자동 후보 (원산지 P495, 언어판 12)",
chicha-morada,치차 모라다,Chicha morada,PE,Chicha morada,"자동 후보 (원산지 P495, 언어판 11)",
causa-limena,카우사 리메냐,Causa limeña,PE,Causa limeña,"자동 후보 (원산지 P495, 언어판 9)",
ocopa,오코파,Ocopa,PE,Ocopa,"자동 후보 (원산지 P495, 언어판 9)",
pollo-a-la-brasa,포요 아 라 브라사,Pollo a la brasa,PE,Pollo a la brasa,"자동 후보 (원산지 P495, 언어판 9)",
aguadito-de-pollo,아과디토 데 포요,Aguadito de pollo,PE,Aguadito de pollo,"자동 후보 (원산지 P495, 언어판 8)",
arroz-chaufa,아로스 차우파,Arroz chaufa,PE,Arroz chaufa,"자동 후보 (원산지 P495, 언어판 8)",
teja,테하,Teja,PE,Teja (confectionery),"자동 후보 (원산지 P495, 언어판 8)",
tiradito,티라디토,Tiradito,PE,Tiradito,"자동 후보 (원산지 P495, 언어판 8)",
olluquito,오유키토,Olluquito,PE,Olluquito,"자동 후보 (원산지 P495, 언어판 6)",
suspiro-de-limena,수스피로 데 리메냐,Suspiro de limeña,PE,Suspiro de limeña,"자동 후보 (원산지 P495, 언어판 6)",
tacu-tacu,타쿠타쿠,Tacu-tacu,PE,Tacu-tacu,"자동 후보 (원산지 P495, 언어판 6)",
butifarra,부티파라 샌드위치,Butifarra,PE,Butifarra (sandwich),"자동 후보 (원산지 P495, 언어판 5)",
king-kong,킹콩,King Kong,PE,King Kong (dessert),"자동 후보 (원산지 P495, 언어판 5)",
arroz-zambito,아로스 삼비토,Arroz zambito,PE,Arroz zambito,"자동 후보 (원산지 P495, 언어판 4)",
frutillada,프루티야다,Frutillada,PE,Frutillada,"자동 후보 (원산지 P495, 언어판 4)",
peruvian-pollada,폴랴다,Peruvian pollada,PE,Peruvian pollada,"자동 후보 (원산지 P495, 언어판 4)",
queso-helado,케소 엘라도,Queso helado,PE,Queso helado,"자동 후보 (원산지 P495, 언어판 4)",
sangrecita,상그레시타,Sangrecita,PE,Sangrecita,"자동 후보 (원산지 P495, 언어판 4)",
shambar,샴바르,Shambar,PE,Shambar,"자동 후보 (원산지 P495, 언어판 4)",
sopa-teologa,소파 테올로가,Sopa teologa,PE,Sopa teologa,"자동 후보 (원산지 P495, 언어판 4)",
jalea,할레아,Jalea,PE,Jalea,"자동 후보 (원산지 P495, 언어판 3)",
adobo-ph,아도보,Adobo,PH,Adobo (Filipino dish),"자동 후보 (원산지 P495, 언어판 31)",
banana-ketchup,바나나 케첩,Banana ketchup,PH,Banana ketchup,"자동 후보 (원산지 P495, 언어판 27)",
nata-de-coco,나타 데 코코,Nata de coco,PH,Nata de coco,"자동 후보 (원산지 P495, 언어판 24)",
pandesal,판데살,Pandesal,PH,Pandesal,"자동 후보 (원산지 P495, 언어판 19)",
puto,푸토,Puto,PH,Puto (food),"자동 후보 (원산지 P495, 언어판 17)",
sisig,시시그,Sisig,PH,Sisig,"자동 후보 (원산지 P495, 언어판 17)",
afritada,아프리타다,Afritada,PH,Afritada,"자동 후보 (원산지 P495, 언어판 16)",
bagoong,바구옹,Bagoong,PH,Bagoong,"자동 후보 (원산지 P495, 언어판 14)",
champorado,참포라도,Champorado,PH,Champorado,"자동 후보 (원산지 P495, 언어판 14)",
dinuguan,디누구안,Dinuguan,PH,Dinuguan,"자동 후보 (원산지 P495, 언어판 13)",
siopao,시오파오,Siopao,PH,Siopao,"자동 후보 (원산지 P495, 언어판 13)",
taho,타호,Taho,PH,Taho,"자동 후보 (원산지 P495, 언어판 13)",
turon,투론,Turon,PH,Turon (food),"자동 후보 (원산지 P495, 언어판 13)",
biko,비코,Biko,PH,Biko (food),"자동 후보 (원산지 P495, 언어판 12)",
espasol,에스파솔,Espasol,PH,Espasol,"자동 후보 (원산지 P495, 언어판 12)",
kaldereta,칼데레타,Kaldereta,PH,Kaldereta,"자동 후보 (원산지 P495, 언어판 12)",
pinakbet,피낙벳,Pinakbet,PH,Pinakbet,"자동 후보 (원산지 P495, 언어판 12)",
ube-cake,우베 케이크,Ube cake,PH,Ube cake,"자동 후보 (원산지 P495, 언어판 12)",
ube-halaya,우베 할라야,Ube halaya,PH,Ube halaya,"자동 후보 (원산지 P495, 언어판 12)",
batchoy,바초이,Batchoy,PH,Batchoy,"자동 후보 (원산지 P495, 언어판 11)",
buko-pie,부코 파이,Buko pie,PH,Buko pie,"자동 후보 (원산지 P495, 언어판 11)",
suman,수만,Suman,PH,Suman (food),"자동 후보 (원산지 P495, 언어판 11)",
arroz-caldo,아로스 칼도,Arroz caldo,PH,Arroz caldo,"자동 후보 (원산지 P495, 언어판 10)",
bopis,보피스,Bopis,PH,Bopis,"자동 후보 (원산지 P495, 언어판 10)",
filipino-spaghetti,필리핀식 스파게티,Filipino spaghetti,PH,Filipino spaghetti,"자동 후보 (원산지 P495, 언어판 10)",
hamonado,하모나도,Hamonado,PH,Hamonado,"자동 후보 (원산지 P495, 언어판 10)",
mechado,메차도,Mechado,PH,Mechado,"자동 후보 (원산지 P495, 언어판 10)",
sinangag,시낭각,Sinangag,PH,Sinangag,"자동 후보 (원산지 P495, 언어판 10)",
tinola,티놀라,Tinola,PH,Tinola,"자동 후보 (원산지 P495, 언어판 10)",
bicol-express,비콜 익스프레스,Bicol express,PH,Bicol express,"자동 후보 (원산지 P495, 언어판 9)",
ginataan,기나타안,Ginataan,PH,Ginataan,"자동 후보 (원산지 P495, 언어판 9)",
mango-float,망고 플로트,Mango float,PH,Mango float,"자동 후보 (원산지 P495, 언어판 9)",
otap,오탑,Otap,PH,Otap (food),"자동 후보 (원산지 P495, 언어판 9)",
yema,예마,Yema,PH,Yema (candy),"자동 후보 (원산지 P495, 언어판 9)",
baye-baye,바예바예,Baye baye,PH,Baye baye,"자동 후보 (원산지 P495, 언어판 8)",
crispy-pata,크리스피 파타,Crispy pata,PH,Crispy pata,"자동 후보 (원산지 P495, 언어판 8)",
ginanggang,기낭강,Ginanggang,PH,Ginanggang,"자동 후보 (원산지 P495, 언어판 8)",
kalamay,칼라마이,Kalamay,PH,Kalamay,"자동 후보 (원산지 P495, 언어판 8)",
kesong-puti,케송 푸티,Kesong puti,PH,Kesong puti,"자동 후보 (원산지 P495, 언어판 8)",
lechon-kawali,레촌 카왈리,Lechon kawali,PH,Lechon kawali,"자동 후보 (원산지 P495, 언어판 8)",
mango-cake,망고 케이크,Mango cake,PH,Mango cake,"자동 후보 (원산지 P495, 언어판 8)",
paksiw,팍시우,Paksiw,PH,Paksiw,"자동 후보 (원산지 P495, 언어판 8)",
sapin-sapin,사핀사핀,Sapin-sapin,PH,Sapin-sapin,"자동 후보 (원산지 P495, 언어판 8)",
ube-ice-cream,우베 아이스크림,Ube ice cream,PH,Ube ice cream,"자동 후보 (원산지 P495, 언어판 8)",
bagnet,바그넷,Bagnet,PH,Bagnet,"자동 후보 (원산지 P495, 언어판 7)",
bistek,비스텍,Bistek,PH,Bistek,"자동 후보 (원산지 P495, 언어판 7)",
brazo-de-mercedes,브라소 데 메르세데스,Brazo de Mercedes,PH,Brazo de Mercedes,"자동 후보 (원산지 P495, 언어판 7)",
latik,라틱,Latik,PH,Latik,"자동 후보 (원산지 P495, 언어판 7)",
maja-blanca,마하 블랑카,Maja blanca,PH,Maja blanca,"자동 후보 (원산지 P495, 언어판 7)",
menudo-ph,메누도,Menudo,PH,Menudo (Filipino stew),"자동 후보 (원산지 P495, 언어판 7)",
monay,모나이,Monay,PH,Monay (bread),"자동 후보 (원산지 P495, 언어판 7)",
pastel-de-camiguin,파스텔 데 카미긴,Pastel de Camiguín,PH,Pastel de Camiguín,"자동 후보 (원산지 P495, 언어판 7)",
piaya,피아야,Piaya,PH,Piaya (food),"자동 후보 (원산지 P495, 언어판 7)",
puso,푸소,Pusô,PH,Pusô,"자동 후보 (원산지 P495, 언어판 7)",
silog,실로그,Silog,PH,Silog,"자동 후보 (원산지 P495, 언어판 7)",
tortang-talong,토르탕 탈롱,Tortang talong,PH,Tortang talong,"자동 후보 (원산지 P495, 언어판 7)",
biscocho,비스코초,Biscocho,PH,Biscocho,"자동 후보 (원산지 P495, 언어판 6)",
bukayo,부카요,Bukayo,PH,Bukayo,"자동 후보 (원산지 P495, 언어판 6)",
bulalo,불랄로,Bulalo,PH,Bulalo,"자동 후보 (원산지 P495, 언어판 6)",
camaron-rebosado,카마론 레보사도,Camaron rebosado,PH,Camaron rebosado,"자동 후보 (원산지 P495, 언어판 6)",
daing,다잉,Daing,PH,Daing,"자동 후보 (원산지 P495, 언어판 6)",
gising-gising,기싱기싱,Gising-gising,PH,Gising-gising,"자동 후보 (원산지 P495, 언어판 6)",
pakora,파코라,Pakora,PK,Pakora,"자동 후보 (원산지 P495, 언어판 56)",
gulab-jamun,굴랍자문,Gulab jamun,PK,Gulab jamun,"자동 후보 (원산지 P495, 언어판 55)",
chicken-tikka,치킨 티카,Chicken tikka,PK,Chicken tikka,"자동 후보 (원산지 P495, 언어판 31)",
kulcha,쿨차,Kulcha,PK,Kulcha,"자동 후보 (원산지 P495, 언어판 22)",
sarson-ka-saag,사르손 카 사그,Sarson ka saag,PK,Sarson ka saag,"자동 후보 (원산지 P495, 언어판 17)",
chapli-kebab,차플리 케밥,Chapli kebab,PK,Chapli kebab,"자동 후보 (원산지 P495, 언어판 16)",
rabri,라브리,Rabri,PK,Rabri,"자동 후보 (원산지 P495, 언어판 16)",
aloo-gosht,알루 고슈트,Aloo gosht,PK,Aloo gosht,"자동 후보 (원산지 P495, 언어판 10)",
bun-kebab,번 케밥,Bun kebab,PK,Bun kebab,"자동 후보 (원산지 P495, 언어판 9)",
mukhwas,무크와스,Mukhwas,PK,Mukhwas,"자동 후보 (원산지 P495, 언어판 9)",
sindhi-biryani,신디 비리야니,Sindhi biryani,PK,Sindhi biryani,"자동 후보 (원산지 P495, 언어판 9)",
bhalla,발라,Bhalla,PK,Bhalla (food),"자동 후보 (원산지 P495, 언어판 3)",
chicken-lahori,치킨 라호리,Chicken Lahori,PK,Chicken Lahori,"자동 후보 (분류 Pakistani cuisine, 언어판 6)",
chargha,차르가,Chargha,PK,Chargha,"자동 후보 (분류 Pakistani cuisine, 언어판 5)",
kata-kat,카타카트,Kata-kat,PK,Kata-kat,"자동 후보 (분류 Pakistani cuisine, 언어판 3)",
thadal,타달,Thadal,PK,Thadal,"자동 후보 (분류 Pakistani cuisine, 언어판 3)",
bagel,베이글,Bagel,PL,Bagel,"자동 후보 (원산지 P495, 언어판 53)",
zapiekanka,자피에칸카,Zapiekanka,PL,Zapiekanka,"자동 후보 (원산지 P495, 언어판 34)",
sour-cereal-soup,발효 곡물 수프,Sour cereal soup,PL,Sour cereal soup,"자동 후보 (원산지 P495, 언어판 28)",
uszka,우슈카,Uszka,PL,Uszka,"자동 후보 (원산지 P495, 언어판 24)",
oscypek,오스치페크,Oscypek,PL,Oscypek,"자동 후보 (원산지 P495, 언어판 23)",
czernina,체르니나,Czernina,PL,Czernina,"자동 후보 (원산지 P495, 언어판 22)",
kabanos,카바노스,Kabanos,PL,Kabanos,"자동 후보 (원산지 P495, 언어판 22)",
krowki,크루프키,Krówki,PL,Krówki,"자동 후보 (원산지 P495, 언어판 21)",
ptasie-mleczko,프타시에 믈레치코,Ptasie mleczko,PL,Ptasie mleczko,"자동 후보 (원산지 P495, 언어판 21)",
mizeria,미제리아,Mizeria,PL,Mizeria,"자동 후보 (원산지 P495, 언어판 20)",
christmas-wafer,오플라테크,Christmas wafer,PL,Christmas wafer,"자동 후보 (원산지 P495, 언어판 18)",
lazanki,라잔키,Lazanki,PL,Lazanki,"자동 후보 (원산지 P495, 언어판 18)",
rugelach,루겔라흐,Rugelach,PL,Rugelach,"자동 후보 (원산지 P495, 언어판 18)",
kopytka,코피트카,Kopytka,PL,Kopytka,"자동 후보 (원산지 P495, 언어판 16)",
napoleonka,나폴레온카,Napoleonka,PL,Napoleonka,"자동 후보 (원산지 P495, 언어판 15)",
obwarzanek-krakowski,오브바자네크 크라코프스키,Obwarzanek krakowski,PL,Obwarzanek krakowski,"자동 후보 (원산지 P495, 언어판 15)",
bialy,비알리,Bialy,PL,Bialy (bread),"자동 후보 (원산지 P495, 언어판 14)",
krupnik,크루프니크,Krupnik,PL,Krupnik (soup),"자동 후보 (원산지 P495, 언어판 14)",
mazurek,마주레크,Mazurek,PL,Mazurek (cake),"자동 후보 (원산지 P495, 언어판 14)",
flaki,플라키,Flaki,PL,Flaki,"자동 후보 (원산지 P495, 언어판 13)",
torun-gingerbread,토룬 피에르니크,Toruń gingerbread,PL,Toruń gingerbread,"자동 후보 (원산지 P495, 언어판 13)",
bundz,분츠,Bundz,PL,Bundz,"자동 후보 (원산지 P495, 언어판 12)",
kotlet-schabowy,코틀레트 스하보비,Kotlet schabowy,PL,Kotlet schabowy,"자동 후보 (원산지 P495, 언어판 12)",
roso,로수,Rosół,PL,Rosół,"자동 후보 (원산지 P495, 언어판 12)",
krakow-sausage,크라쿠프 소시지,Kraków sausage,PL,Kraków sausage,"자동 후보 (원산지 P495, 언어판 11)",
racuchy,라추히,Racuchy,PL,Racuchy,"자동 후보 (원산지 P495, 언어판 11)",
sarburma,사르부르마,Sarburma,PL,Sarburma,"자동 후보 (원산지 P495, 언어판 11)",
st-martin-s-croissant,성 마르틴 크루아상,St. Martin's croissant,PL,St. Martin's croissant,"자동 후보 (원산지 P495, 언어판 11)",
goka,고우카,Gołka,PL,Gołka,"자동 후보 (원산지 P495, 언어판 10)",
prince-polo,프린스 폴로,Prince Polo,PL,Prince Polo,"자동 후보 (원산지 P495, 언어판 10)",
redykoka,레디코우카,Redykołka,PL,Redykołka,"자동 후보 (원산지 P495, 언어판 10)",
kluski,클루스키,Kluski,PL,Kluski,"자동 후보 (원산지 P495, 언어판 9)",
korycinski,코리친스키 치즈,Korycinski,PL,Korycinski,"자동 후보 (원산지 P495, 언어판 9)",
quince-cheese,마르멜루 젤리,Quince cheese,PT,Quince cheese,"자동 후보 (원산지 P495, 언어판 29)",
francesinha,프란세지냐,Francesinha,PT,Francesinha,"자동 후보 (원산지 P495, 언어판 25)",
caldo-verde,칼두 베르드,Caldo verde,PT,Caldo verde,"자동 후보 (원산지 P495, 언어판 23)",
sao-jorge-cheese,상조르즈 치즈,São Jorge cheese,PT,São Jorge cheese,"자동 후보 (원산지 P495, 언어판 20)",
galao,갈랑,Galão,PT,Galão,"자동 후보 (원산지 P495, 언어판 19)",
chocolate-salami,초콜릿 살라미,Chocolate salami,PT,Chocolate salami,"자동 후보 (원산지 P495, 언어판 18)",
serra-da-estrela-cheese,세하다이스트렐라 치즈,Serra da Estrela cheese,PT,Serra da Estrela cheese,"자동 후보 (원산지 P495, 언어판 18)",
fios-de-ovos,피우스 드 오부스,Fios de ovos,PT,Fios de ovos,"자동 후보 (원산지 P495, 언어판 17)",
ovos-moles,오부스 몰르스,Ovos moles,PT,Ovos moles,"자동 후보 (원산지 P495, 언어판 17)",
bacalhau-a-bras,바칼랴우 아 브라스,Bacalhau à Brás,PT,Bacalhau à Brás,"자동 후보 (원산지 P495, 언어판 16)",
alheira,알례이라,Alheira,PT,Alheira,"자동 후보 (원산지 P495, 언어판 15)",
caldeirada,칼데이라다,Caldeirada,PT,Caldeirada,"자동 후보 (원산지 P495, 언어판 15)",
malassada,말라사다,Malassada,PT,Malassada,"자동 후보 (원산지 P495, 언어판 15)",
bolo-de-mel,볼루 드 멜,Bolo de mel,PT,Bolo de mel,"자동 후보 (원산지 P495, 언어판 14)",
folar,폴라르,Folar,PT,Folar,"자동 후보 (원산지 P495, 언어판 14)",
acorda,아소르다,Açorda,PT,Açorda,"자동 후보 (원산지 P495, 언어판 13)",
filho,필료,Filhó,PT,Filhó,"자동 후보 (원산지 P495, 언어판 13)",
bica,비카,Bica,PT,Bica (coffee),"자동 후보 (원산지 P495, 언어판 12)",
cabidela,카비델라,Cabidela,PT,Cabidela,"자동 후보 (원산지 P495, 언어판 12)",
carne-de-porco-a-alentejana,카르느 드 포르쿠 아 알렌테자나,Carne de porco à alentejana,PT,Carne de porco à alentejana,"자동 후보 (원산지 P495, 언어판 12)",
queijo-de-azeitao,아제이탕 치즈,Queijo de Azeitão,PT,Queijo de Azeitão,"자동 후보 (원산지 P495, 언어판 12)",
queijo-de-nisa,니자 치즈,Queijo de Nisa,PT,Queijo de Nisa,"자동 후보 (원산지 P495, 언어판 12)",
bacalhau,바칼랴우,Bacalhau,PT,Bacalhau,"자동 후보 (원산지 P495, 언어판 11)",
bolo-do-caco,볼루 두 카쿠,Bolo do caco,PT,Bolo do caco,"자동 후보 (원산지 P495, 언어판 11)",
castelo-branco-cheese,카스텔루브랑쿠 치즈,Castelo Branco cheese,PT,Castelo Branco cheese,"자동 후보 (원산지 P495, 언어판 11)",
linguica,링구이사,Linguiça,PT,Linguiça,"자동 후보 (원산지 P495, 언어판 11)",
tripas-a-moda-do-porto,트리파스 아 모다 두 포르투,Tripas à moda do Porto,PT,Tripas à moda do Porto,"자동 후보 (원산지 P495, 언어판 11)",
bifana,비파나,Bifana,PT,Bifana,"자동 후보 (원산지 P495, 언어판 10)",
cozido-a-portuguesa,코지두 아 포르투게자,Cozido à portuguesa,PT,Cozido à portuguesa,"자동 후보 (원산지 P495, 언어판 10)",
serpa-cheese,세르파 치즈,Serpa cheese,PT,Serpa cheese,"자동 후보 (원산지 P495, 언어판 10)",
xarem,샤렝,Xarém,PT,Xarém,"자동 후보 (원산지 P495, 언어판 9)",
arroz-de-marisco,아호스 드 마리스쿠,Arroz de marisco,PT,Arroz de marisco,"자동 후보 (원산지 P495, 언어판 8)",
baba-de-camelo,바바 드 카멜루,Baba de camelo,PT,Baba de camelo,"자동 후보 (원산지 P495, 언어판 8)",
bolo-de-arroz,볼루 드 아호스,Bolo de arroz,PT,Bolo de arroz,"자동 후보 (원산지 P495, 언어판 8)",
espetada,이스페타다,Espetada,PT,Espetada,"자동 후보 (원산지 P495, 언어판 8)",
papo-de-anjo,파푸 드 앙주,Papo-de-anjo,PT,Papo-de-anjo,"자동 후보 (원산지 P495, 언어판 8)",
queijada,케이자다,Queijada,PT,Queijada (sweet),"자동 후보 (원산지 P495, 언어판 8)",
queijo-de-cabra-transmontano,트라즈몬타누 염소 치즈,Queijo de Cabra Transmontano,PT,Queijo de Cabra Transmontano,"자동 후보 (원산지 P495, 언어판 8)",
requeijao,헤케이장,Requeijão,PT,Requeijão,"자동 후보 (원산지 P495, 언어판 8)",
bacalhau-a-ze-do-pipo,바칼랴우 아 제 두 피푸,Bacalhau à Zé do Pipo,PT,Bacalhau à Zé do Pipo,"자동 후보 (원산지 P495, 언어판 7)",
pastel-de-tentugal,파스텔 드 텐투갈,Pastel de Tentúgal,PT,Pastel de Tentúgal,"자동 후보 (원산지 P495, 언어판 7)",
portuguese-sweet-bread,포르투갈 스위트 브레드,Portuguese sweet bread,PT,Portuguese sweet bread,"자동 후보 (원산지 P495, 언어판 7)",
pao-de-lo,파웅 드 로,Pão de Ló,PT,Pão de Ló,"자동 후보 (원산지 P495, 언어판 7)",
terere,테레레,Tereré,PY,Tereré,"자동 후보 (원산지 P495, 언어판 27)",
mbeju,음베주,Mbeju,PY,Mbeju,"자동 후보 (원산지 P495, 언어판 13)",
kosereva,코세레바,Kosereva,PY,Kosereva,"자동 후보 (원산지 P495, 언어판 10)",
paraguay-cheese,파라과이 치즈,Paraguay cheese,PY,Paraguay cheese,"자동 후보 (원산지 P495, 언어판 9)",
vori-vori,보리보리,Vori vori,PY,Vori vori,"자동 후보 (원산지 P495, 언어판 9)",
piracaldo,피라칼도,Piracaldo,PY,Piracaldo,"자동 후보 (원산지 P495, 언어판 6)",
ka-i-ladrillo,카이 라드리요,Ka'í Ladrillo,PY,Ka'í Ladrillo,"자동 후보 (원산지 P495, 언어판 4)",
soyo,소요,Soyo,PY,Soyo (Paraguay),"자동 후보 (원산지 P495, 언어판 4)",
kamby-arro,캄비 아로,Kamby arro,PY,Kamby arro,"자동 후보 (원산지 P495, 언어판 2)",
chipa-guasu,치파 과수,Chipa guasu,PY,Chipa guasu,"자동 후보 (분류 Paraguayan cuisine, 언어판 9)",
pastrami,파스트라미,Pastrami,RO,Pastrami,"자동 후보 (원산지 P495, 언어판 32)",
mititei,미티테이,Mititei,RO,Mititei,"자동 후보 (원산지 P495, 언어판 26)",
telemea,텔레메아,Telemea,RO,Telemea,"자동 후보 (원산지 P495, 언어판 21)",
placinta,플러친터,Plăcintă,RO,Plăcintă,"자동 후보 (원산지 P495, 언어판 20)",
urda,우르더,Urda,RO,Urda (cheese),"자동 후보 (원산지 P495, 언어판 19)",
papanasi,파파나시,Papanași,RO,Papanași,"자동 후보 (원산지 P495, 언어판 18)",
amandine,아망딘,Amandine,RO,Amandine (dessert),"자동 후보 (원산지 P495, 언어판 13)",
socata,소카터,Socată,RO,Socată,"자동 후보 (원산지 P495, 언어판 12)",
sarmale-ro,사르마,Sarmale,RO,Sarmale,"자동 후보 (원산지 P495, 언어판 11)",
tochitura,토키투러,Tochitură,RO,Tochitură,"자동 후보 (원산지 P495, 언어판 11)",
branza-de-burduf,브런저 데 부르두프,Brânză de burduf,RO,Brânză de burduf,"자동 후보 (원산지 P495, 언어판 10)",
drob,드로브,Drob,RO,Drob,"자동 후보 (원산지 P495, 언어판 10)",
fasole-cu-carnati,파솔레 쿠 커르나치,Fasole cu cârnați,RO,Fasole cu cârnați,"자동 후보 (원산지 P495, 언어판 9)",
magiun-of-topoloveni,토폴로베니 마지운,Magiun of Topoloveni,RO,Magiun of Topoloveni,"자동 후보 (원산지 P495, 언어판 9)",
nasal-cheese,너살 치즈,Năsal cheese,RO,Năsal cheese,"자동 후보 (원산지 P495, 언어판 9)",
sibiu-salami,시비우 살라미,Sibiu Salami,RO,Sibiu Salami,"자동 후보 (원산지 P495, 언어판 9)",
ciorba-de-perisoare,치오르버 데 페리쇼아레,Ciorbă de perișoare,RO,Ciorbă de perișoare,"자동 후보 (원산지 P495, 언어판 8)",
covrigi,코브리기,Covrigi,RO,Covrigi,"자동 후보 (원산지 P495, 언어판 8)",
joffre-cake,조프르 케이크,Joffre cake,RO,Joffre cake,"자동 후보 (원산지 P495, 언어판 8)",
saramura,사라무러,Saramură,RO,Saramură,"자동 후보 (원산지 P495, 언어판 8)",
toba,토버,Tobă,RO,Tobă,"자동 후보 (원산지 P495, 언어판 8)",
ostropel,오스트로펠,Ostropel,RO,Ostropel,"자동 후보 (원산지 P495, 언어판 7)",
colaci,콜라치,Colaci,RO,Colaci,"자동 후보 (원산지 P495, 언어판 6)",
cornulete,코르눌레체,Cornulețe,RO,Cornulețe,"자동 후보 (원산지 P495, 언어판 6)",
plescoi-sausages,플레슈코이 소시지,Pleșcoi sausages,RO,Pleșcoi sausages,"자동 후보 (원산지 P495, 언어판 6)",
gogosi,고고시,Gogoși,RO,Gogoși,"자동 후보 (원산지 P495, 언어판 5)",
mucenici,무체니치,Mucenici,RO,Mucenici,"자동 후보 (원산지 P495, 언어판 5)",
penteleu,펜텔레우 치즈,Penteleu,RO,Penteleu,"자동 후보 (원산지 P495, 언어판 5)",
rasol,라솔,Rasol,RO,Rasol (Romanian dish),"자동 후보 (원산지 P495, 언어판 5)",
cas,카시,Caș,RO,Caș,"자동 후보 (원산지 P495, 언어판 4)",
scorcolga,스코르콜가,Scorcolga,RO,Scorcolga,"자동 후보 (원산지 P495, 언어판 4)",
kulen,쿨렌,Kulen,RS,Kulen,"자동 후보 (원산지 P495, 언어판 20)",
slatko,슬라트코,Slatko,RS,Slatko,"자동 후보 (원산지 P495, 언어판 14)",
karaoreva-snicla,카라조르제바 슈니츨라,Karađorđeva šnicla,RS,Karađorđeva šnicla,"자동 후보 (원산지 P495, 언어판 12)",
cesnica,체스니차,Česnica,RS,Česnica,"자동 후보 (원산지 P495, 언어판 12)",
pasulj,파술,Pasulj,RS,Pasulj,"자동 후보 (원산지 P495, 언어판 11)",
bundevara,분데바라,Bundevara,RS,Bundevara,"자동 후보 (원산지 P495, 언어판 10)",
muckalica,무치칼리차,Mućkalica,RS,Mućkalica,"자동 후보 (원산지 P495, 언어판 10)",
urnebes,우르네베스,Urnebes,RS,Urnebes,"자동 후보 (원산지 P495, 언어판 10)",
raznjici,라주니치,Ražnjići,RS,Ražnjići,"자동 후보 (원산지 P495, 언어판 9)",
pule-cheese,풀레 치즈,Pule cheese,RS,Pule cheese,"자동 후보 (원산지 P495, 언어판 8)",
serbian-salad,세르비아 샐러드,Serbian salad,RS,Serbian salad,"자동 후보 (원산지 P495, 언어판 6)",
slavski-kolac,슬라브스키 콜라치,Slavski kolač,RS,Slavski kolač,"자동 후보 (분류 Serbian cuisine, 언어판 5)",
wedding-cabbage,웨딩 캐비지,Wedding cabbage,RS,Wedding cabbage,"자동 후보 (분류 Serbian cuisine, 언어판 5)",
virsle-u-zemicki,비르슐레 우 제미치키,Viršle u zemički,RS,Viršle u zemički,"자동 후보 (분류 Serbian cuisine, 언어판 3)",
ajmokac,아이모카츠,Ajmokac,RS,Ajmokac,"자동 후보 (분류 Serbian cuisine, 언어판 2)",
ground-biscuit,그라운드 비스킷,Ground biscuit,RS,Ground biscuit,"자동 후보 (분류 Serbian cuisine, 언어판 2)",
serbian-cheeses,세르비아 치즈,Serbian cheeses,RS,Serbian cheeses,"자동 후보 (분류 Serbian cuisine, 언어판 2)",
olivier-salad,올리비에 샐러드,Olivier salad,RU,Olivier salad,"자동 후보 (원산지 P495, 언어판 66)",
smetana,스메타나,Smetana,RU,Smetana (dairy product),"자동 후보 (원산지 P495, 언어판 51)",
beef-stroganoff,비프 스트로가노프,Beef Stroganoff,RU,Beef Stroganoff,"자동 후보 (원산지 P495, 언어판 48)",
okroshka,오크로시카,Okroshka,RU,Okroshka,"자동 후보 (원산지 P495, 언어판 45)",
ukha,우하,Ukha,RU,Ukha,"자동 후보 (원산지 P495, 언어판 38)",
kompot,콤포트,Kompot,RU,Kompot,"자동 후보 (원산지 P495, 언어판 35)",
kulich,쿨리치,Kulich,RU,Kulich (bread),"자동 후보 (원산지 P495, 언어판 31)",
vinegret,비네그레트,Vinegret,RU,Vinegret,"자동 후보 (원산지 P495, 언어판 29)",
pirog,피로그,Pirog,RU,Pirog,"자동 후보 (원산지 P495, 언어판 28)",
rassolnik,라솔니크,Rassolnik,RU,Rassolnik,"자동 후보 (원산지 P495, 언어판 26)",
tvorog,트보로크,Tvorog,RU,Tvorog,"자동 후보 (원산지 P495, 언어판 25)",
stroganina,스트로가니나,Stroganina,RU,Stroganina,"자동 후보 (원산지 P495, 언어판 24)",
vatrushka,바트루시카,Vatrushka,RU,Vatrushka,"자동 후보 (원산지 P495, 언어판 24)",
zakuski,자쿠스키,Zakuski,RU,Zakuski,"자동 후보 (원산지 P495, 언어판 23)",
medovik,메도비크,Medovik,RU,Medovik,"자동 후보 (원산지 P495, 언어판 20)",
paskha,파스하,Paskha,RU,Paskha,"자동 후보 (원산지 P495, 언어판 19)",
zefir,제피르,Zefir,RU,Zefir (food),"자동 후보 (원산지 P495, 언어판 19)",
baked-milk,토플료노예 몰로코,Baked milk,RU,Baked milk,"자동 후보 (원산지 P495, 언어판 17)",
borodinsky-bread,보로딘스키 빵,Borodinsky bread,RU,Borodinsky bread,"자동 후보 (원산지 P495, 언어판 15)",
kurnik,쿠르니크,Kurnik,RU,Kurnik (pirog),"자동 후보 (원산지 P495, 언어판 15)",
chrain,흐렌,Chrain,RU,Chrain,"자동 후보 (원산지 P495, 언어판 14)",
sushki,수시키,Sushki,RU,Sushki,"자동 후보 (원산지 P495, 언어판 14)",
raf-coffee,라프 커피,Raf coffee,RU,Raf coffee,"자동 후보 (원산지 P495, 언어판 13)",
pozharsky-cutlet,포자르스키 커틀릿,Pozharsky cutlet,RU,Pozharsky cutlet,"자동 후보 (원산지 P495, 언어판 12)",
tula-pryanik,툴라 프랴니크,Tula pryanik,RU,Tula pryanik,"자동 후보 (원산지 P495, 언어판 12)",
circassian-cheese,체르케스 치즈,Circassian cheese,RU,Circassian cheese,"자동 후보 (원산지 P495, 언어판 11)",
varenets,바레네츠,Varenets,RU,Varenets,"자동 후보 (원산지 P495, 언어판 10)",
khrenovina-sauce,흐레노비나 소스,Khrenovina sauce,RU,Khrenovina sauce,"자동 후보 (원산지 P495, 언어판 9)",
pyanse,퍈세,Pyanse,RU,Pyanse,"자동 후보 (원산지 P495, 언어판 9)",
rasstegai,라스테가이,Rasstegai,RU,Rasstegai,"자동 후보 (원산지 P495, 언어판 9)",
guryev-porridge,구리예프 카샤,Guryev porridge,RU,Guryev porridge,"자동 후보 (원산지 P495, 언어판 8)",
dalieba,다례바,Dalieba,RU,Dalieba,"자동 후보 (원산지 P495, 언어판 6)",
khingalsh,힝갈시,Khingalsh,RU,Khingalsh,"자동 후보 (원산지 P495, 언어판 5)",
kinuski,키누스키,Kinuski,RU,Kinuski,"자동 후보 (원산지 P495, 언어판 4)",
krupenik,크루페니크,Krupenik,RU,Krupenik,"자동 후보 (원산지 P495, 언어판 4)",
hininy,히니니,Hininy,SA,Hininy,"자동 후보 (원산지 P495, 언어판 3)",
kawal,카왈,Kawal,SD,Kawal (food),"자동 후보 (원산지 P495, 언어판 2)",
cinnamon-roll,시나몬 롤,Cinnamon roll,SE,Cinnamon roll,"자동 후보 (원산지 P495, 언어판 50)",
surstromming,수르스트뢰밍,Surströmming,SE,Surströmming,"자동 후보 (원산지 P495, 언어판 42)",
crispbread,크네케브뢰드,Crispbread,SE,Crispbread,"자동 후보 (원산지 P495, 언어판 31)",
jansson-s-temptation,얀손의 유혹,Jansson's temptation,SE,Jansson's temptation,"자동 후보 (원산지 P495, 언어판 24)",
ostkaka,오스트카카,Ostkaka,SE,Ostkaka,"자동 후보 (원산지 P495, 언어판 22)",
princess-cake,프린세스 케이크,Princess cake,SE,Princess cake,"자동 후보 (원산지 P495, 언어판 21)",
falukorv,팔루코르브,Falukorv,SE,Falukorv,"자동 후보 (원산지 P495, 언어판 19)",
kladdkaka,클라드카카,Kladdkaka,SE,Kladdkaka,"자동 후보 (원산지 P495, 언어판 19)",
flying-jacob,플라잉 야코브,Flying Jacob,SE,Flying Jacob,"자동 후보 (원산지 P495, 언어판 18)",
kroppkaka,크롭카카,Kroppkaka,SE,Kroppkaka,"자동 후보 (원산지 P495, 언어판 18)",
rose-hip-soup,로즈힙 수프,Rose hip soup,SE,Rose hip soup,"자동 후보 (원산지 P495, 언어판 18)",
tunnbrod,툰브뢰드,Tunnbröd,SE,Tunnbröd,"자동 후보 (원산지 P495, 언어판 18)",
rosette,로세트,Rosette,SE,Rosette (fritter),"자동 후보 (원산지 P495, 언어판 17)",
vasterbotten-cheese,베스테르보텐 치즈,Västerbotten cheese,SE,Västerbotten cheese,"자동 후보 (원산지 P495, 언어판 17)",
hasselback-potatoes,하셀백 포테이토,Hasselback potatoes,SE,Hasselback potatoes,"자동 후보 (원산지 P495, 언어판 16)",
spettekaka,스페테카카,Spettekaka,SE,Spettekaka,"자동 후보 (원산지 P495, 언어판 16)",
blabarssoppa,블로베르스소파,Blåbärssoppa,SE,Blåbärssoppa,"자동 후보 (원산지 P495, 언어판 15)",
herrgardsost,헤르고르소스트,Herrgårdsost,SE,Herrgårdsost,"자동 후보 (원산지 P495, 언어판 15)",
palt,팔트,Palt,SE,Palt,"자동 후보 (원산지 P495, 언어판 15)",
cardamom-bread,카르다몸 빵,Cardamom bread,SE,Cardamom bread,"자동 후보 (원산지 P495, 언어판 14)",
greve,그레베 치즈,Grevé,SE,Grevé,"자동 후보 (원산지 P495, 언어판 13)",
limpa,림파,Limpa,SE,Limpa,"자동 후보 (원산지 P495, 언어판 13)",
polkagris,폴카그리스,Polkagris,SE,Polkagris,"자동 후보 (원산지 P495, 언어판 13)",
polsa,푈사,Pölsa,SE,Pölsa,"자동 후보 (원산지 P495, 언어판 13)",
hushallsost,후스홀스오스트,Hushållsost,SE,Hushållsost,"자동 후보 (원산지 P495, 언어판 12)",
hallongrotta,할론그로타,Hallongrotta,SE,Hallongrotta,"자동 후보 (원산지 P495, 언어판 11)",
prastost,프레스트오스트,Prästost,SE,Prästost,"자동 후보 (원산지 P495, 언어판 11)",
biff-a-la-lindstrom,비프 아 라 린드스트룀,Biff à la Lindström,SE,Biff à la Lindström,"자동 후보 (원산지 P495, 언어판 10)",
kebab-pizza,케밥 피자,Kebab pizza,SE,Kebab pizza,"자동 후보 (원산지 P495, 언어판 10)",
knack,크넥,Knäck,SE,Knäck,"자동 후보 (원산지 P495, 언어판 10)",
pitepalt,피테팔트,Pitepalt,SE,Pitepalt,"자동 후보 (원산지 P495, 언어판 10)",
swedish-fish,스웨디시 피시,Swedish Fish,SE,Swedish Fish,"자동 후보 (원산지 P495, 언어판 10)",
adelost,에델오스트,Ädelost,SE,Ädelost,"자동 후보 (원산지 P495, 언어판 10)",
cuba-cola,쿠바 콜라,Cuba Cola,SE,Cuba Cola,"자동 후보 (원산지 P495, 언어판 9)",
fruktsoppa,프룩트소파,Fruktsoppa,SE,Fruktsoppa,"자동 후보 (원산지 P495, 언어판 8)",
punsch-roll,푼슈롤,Punsch-roll,SE,Punsch-roll,"자동 후보 (원산지 P495, 언어판 7)",
svartsoppa,스바르트소파,Svartsoppa,SE,Svartsoppa,"자동 후보 (원산지 P495, 언어판 7)",
mandelkubb,만델쿠브,Mandelkubb,SE,Mandelkubb,"자동 후보 (원산지 P495, 언어판 6)",
chilli-crab,칠리 크랩,Chilli crab,SG,Chilli crab,"자동 후보 (원산지 P495, 언어판 20)",
kaya-toast,카야 토스트,Kaya toast,SG,Kaya toast,"자동 후보 (원산지 P495, 언어판 17)",
kuih,쿠이,Kuih,SG,Kuih,"자동 후보 (원산지 P495, 언어판 15)",
bandung,반둥,Bandung,SG,Bandung (drink),"자동 후보 (원산지 P495, 언어판 14)",
banmian,반몐,Banmian,SG,Banmian,"자동 후보 (원산지 P495, 언어판 13)",
fish-head-curry,피시 헤드 커리,Fish head curry,SG,Fish head curry,"자동 후보 (원산지 P495, 언어판 13)",
roti-john,로티 존,Roti john,SG,Roti john,"자동 후보 (원산지 P495, 언어판 13)",
black-pepper-crab,블랙 페퍼 크랩,Black pepper crab,SG,Black pepper crab,"자동 후보 (원산지 P495, 언어판 11)",
duck-rice,덕라이스,Duck rice,SG,Duck rice,"자동 후보 (원산지 P495, 언어판 9)",
har-cheong-gai,하청가이,Har cheong gai,SG,Har cheong gai,"자동 후보 (원산지 P495, 언어판 7)",
putu-piring,푸투 피링,Putu piring,SG,Putu piring,"자동 후보 (원산지 P495, 언어판 6)",
katong-laksa,카통 락사,Katong laksa,SG,Katong laksa,"자동 후보 (원산지 P495, 언어판 5)",
hainanese-curry-rice,하이난 카레라이스,Hainanese curry rice,SG,Hainanese curry rice,"자동 후보 (원산지 P495, 언어판 3)",
sliced-fish-soup,슬라이스 피시 수프,Sliced fish soup,SG,Sliced fish soup,"자동 후보 (원산지 P495, 언어판 3)",
fish-soup-bee-hoon,피시 수프 비훈,Fish soup bee hoon,SG,Fish soup bee hoon,"자동 후보 (원산지 P495, 언어판 2)",
vegetarian-bee-hoon,채식 비훈,Vegetarian bee hoon,SG,Vegetarian bee hoon,"자동 후보 (원산지 P495, 언어판 2)",
chwee-kueh,추이궤,Chwee kueh,SG,Chwee kueh,"자동 후보 (분류 Singaporean cuisine, 언어판 8)",
prekmurska-gibanica,프레크무르스카 기바니차,Prekmurska gibanica,SI,Prekmurska gibanica,"자동 후보 (원산지 P495, 언어판 19)",
carniolan-sausage,크란스카 소시지,Carniolan sausage,SI,Carniolan sausage,"자동 후보 (원산지 P495, 언어판 15)",
idrijski-zlikrofi,이드리스키 즐리크로피,Idrijski žlikrofi,SI,Idrijski žlikrofi,"자동 후보 (원산지 P495, 언어판 15)",
potica,포티차,Potica,SI,Potica,"자동 후보 (원산지 P495, 언어판 15)",
struklji,슈트루클리,Štruklji,SI,Štruklji,"자동 후보 (원산지 P495, 언어판 15)",
fusi,푸지,Fusi,SI,Fusi (pasta),"자동 후보 (원산지 P495, 언어판 10)",
ajdovi-zganci,아이도비 즈간치,Ajdovi žganci,SI,Ajdovi žganci,"자동 후보 (원산지 P495, 언어판 9)",
ritschert,리체르트,Ritschert,SI,Ritschert,"자동 후보 (원산지 P495, 언어판 7)",
ajdov-kruh,아이도브 크루흐,Ajdov Kruh,SI,Ajdov Kruh,"자동 후보 (원산지 P495, 언어판 5)",
obara,오바라,Obara,SI,Obara (stew),"자동 후보 (원산지 P495, 언어판 5)",
belokranjska-povitica,벨로크란스카 포비티차,Belokranjska povitica,SI,Belokranjska povitica,"자동 후보 (원산지 P495, 언어판 4)",
funsterc,푼슈테르츠,Funšterc,SI,Funšterc,"자동 후보 (원산지 P495, 언어판 4)",
vrtanek,브르타네크,Vrtanek,SI,Vrtanek,"자동 후보 (원산지 P495, 언어판 4)",
mocnik,모치니크,Močnik,SI,Močnik,"자동 후보 (원산지 P495, 언어판 3)",
prezganka,프레지간카,Prežganka,SI,Prežganka,"자동 후보 (원산지 P495, 언어판 2)",
styrian-sour-soup,슈타이어마르크식 신 수프,Styrian sour soup,SI,Styrian sour soup,"자동 후보 (원산지 P495, 언어판 2)",
zlevanka,즐레반카,Zlevanka,SI,Zlevanka,"자동 후보 (원산지 P495, 언어판 2)",
bujta-repa,부이타 레파,Bujta repa,SI,Bujta repa,"자동 후보 (분류 Slovenian cuisine, 언어판 5)",
matevz,마테우시,Matevž,SI,Matevž,"자동 후보 (분류 Slovenian cuisine, 언어판 5)",
mavzelj,마우젤,Mavželj,SI,Mavželj,"자동 후보 (분류 Slovenian cuisine, 언어판 5)",
barcaffe,바르카페,Barcaffe,SI,Barcaffe,"자동 후보 (분류 Slovenian cuisine, 언어판 4)",
liptauer,립타우어,Liptauer,SK,Liptauer,"자동 후보 (원산지 P495, 언어판 28)",
loksa,로크샤,Lokša,SK,Lokša,"자동 후보 (원산지 P495, 언어판 18)",
parenica,파레니차,Parenica,SK,Parenica,"자동 후보 (원산지 P495, 언어판 17)",
korbacik,코르바치크,Korbáčik,SK,Korbáčik,"자동 후보 (원산지 P495, 언어판 15)",
ostiepok,오슈티에포크,Oštiepok,SK,Oštiepok,"자동 후보 (원산지 P495, 언어판 8)",
strapacky,스트라파치키,Strapačky,SK,Strapačky,"자동 후보 (원산지 P495, 언어판 8)",
sulance,슐란체,Šúľance,SK,Šúľance,"자동 후보 (원산지 P495, 언어판 7)",
opekanec,오페카네츠,Opekanec,SK,Opekanec,"자동 후보 (원산지 P495, 언어판 6)",
pudingovy-kolac,푸딩고비 콜라치,Pudingový koláč,SK,Pudingový koláč,"자동 후보 (분류 Slovak cuisine, 언어판 3)",
sumienkovy-zakusok,슈미엔코비 자쿠소크,Šumienkový zákusok,SK,Šumienkový zákusok,"자동 후보 (분류 Slovak cuisine, 언어판 3)",
yassa,야사,Yassa,SN,Yassa (food),"자동 후보 (원산지 P495, 언어판 22)",
dibi,디비,Dibi,SN,Dibi (food),"자동 후보 (원산지 P495, 언어판 9)",
tapalapa,타팔라파,Tapalapa,SN,Tapalapa (bread),"자동 후보 (원산지 P495, 언어판 8)",
domoda,도모다,Domoda,SN,Domoda,"자동 후보 (원산지 P495, 언어판 7)",
thiere,티에레,Thiere,SN,Thiere,"자동 후보 (원산지 P495, 언어판 6)",
caldou,칼두,Caldou,SN,Caldou,"자동 후보 (원산지 P495, 언어판 5)",
cafe-touba,카페 투바,Café Touba,SN,Café Touba,"자동 후보 (분류 Senegalese cuisine, 언어판 13)",
chakery,차크리,Chakery,SN,Chakery,"자동 후보 (분류 Senegalese cuisine, 언어판 13)",
soupe-kandia,수프 칸디아,Soupe kandia,SN,Soupe kandia,"자동 후보 (분류 Senegalese cuisine, 언어판 8)",
sombi,솜비,Sombi,SN,Sombi,"자동 후보 (분류 Senegalese cuisine, 언어판 2)",
zrig,즈리그,Zrig,SN,Zrig,"자동 후보 (분류 Senegalese cuisine, 언어판 2)",
lahoh,라허흐,Lahoh,SO,Lahoh,"자동 후보 (원산지 P495, 언어판 28)",
bariis-iskukaris,바리스 이스쿠카리스,Bariis iskukaris,SO,Bariis iskukaris,"자동 후보 (원산지 P495, 언어판 12)",
maraq,마라크,Maraq,SO,Maraq (dish),"자동 후보 (원산지 P495, 언어판 7)",
sabaayad,사바야드,Sabaayad,SO,Sabaayad,"자동 후보 (원산지 P495, 언어판 7)",
pom,폼,Pom,SR,Pom (dish),"자동 후보 (원산지 P495, 언어판 5)",
curtido,쿠르티도,Curtido,SV,Curtido,"자동 후보 (원산지 P495, 언어판 8)",
sopa-de-pata,소파 데 파타,Sopa de pata,SV,Sopa de pata,"자동 후보 (원산지 P495, 언어판 5)",
quesadilla-salvadorena,케사디야 살바도레냐,Quesadilla Salvadoreña,SV,Quesadilla Salvadoreña,"자동 후보 (분류 Salvadoran cuisine, 언어판 2)",
muhammara,무함마라,Muhammara,SY,Muhammara,"자동 후보 (원산지 P495, 언어판 23)",
shanklish,샹클리시,Shanklish,SY,Shanklish,"자동 후보 (원산지 P495, 언어판 15)",
qamar-al-din,카마르 알딘,Qamar al-din,SY,Qamar al-din,"자동 후보 (원산지 P495, 언어판 12)",
halawet-el-jibn,할라웨트 엘 지븐,Halawet el jibn,SY,Halawet el jibn,"자동 후보 (원산지 P495, 언어판 9)",
barazek,바라제크,Barazek,SY,Barazek,"자동 후보 (원산지 P495, 언어판 7)",
shifurah,시이푸라,Shʿifurah,SY,Shʿifurah,"자동 후보 (원산지 P495, 언어판 4)",
bajjaria,바자리아,Bajjaria,SY,Bajjaria,"자동 후보 (원산지 P495, 언어판 2)",
cherry-kebab,체리 케밥,Cherry kebab,SY,Cherry kebab,"자동 후보 (분류 Syrian cuisine, 언어판 6)",
qarymutah,카리무타,Qarymutah,SY,Qarymutah,"자동 후보 (분류 Syrian cuisine, 언어판 3)",
kibbeh-safarjaliyeh,키베 사파르잘리예,Kibbeh safarjaliyeh,SY,Kibbeh safarjaliyeh,"자동 후보 (분류 Syrian cuisine, 언어판 2)",
tom-kha-kai,똠 카 까이,Tom kha kai,TH,Tom kha kai,"자동 후보 (원산지 P495, 언어판 26)",
nam-phrik,남 프릭,Nam phrik,TH,Nam phrik,"자동 후보 (원산지 P495, 언어판 19)",
red-curry,레드 커리,Red curry,TH,Red curry,"자동 후보 (원산지 P495, 언어판 19)",
mu-kratha,무까타,Mu kratha,TH,Mu kratha,"자동 후보 (원산지 P495, 언어판 14)",
thai-curry,깽,Thai curry,TH,Thai curry,"자동 후보 (원산지 P495, 언어판 14)",
stir-fried-ice-cream,철판 아이스크림,Stir-fried ice cream,TH,Stir-fried ice cream,"자동 후보 (원산지 P495, 언어판 13)",
yellow-curry,옐로 커리,Yellow curry,TH,Yellow curry,"자동 후보 (원산지 P495, 언어판 13)",
drunken-noodles,팟 키마오,Drunken noodles,TH,Drunken noodles,"자동 후보 (원산지 P495, 언어판 12)",
naem,냄,Naem,TH,Naem (food),"자동 후보 (원산지 P495, 언어판 12)",
phanaeng,파냉 커리,Phanaeng,TH,Phanaeng,"자동 후보 (원산지 P495, 언어판 12)",
american-fried-rice,카오 팟 아메리깐,American fried rice,TH,American fried rice,"자동 후보 (원산지 P495, 언어판 11)",
kaeng-som,깽 솜,Kaeng som,TH,Kaeng som,"자동 후보 (원산지 P495, 언어판 11)",
pad-see-ew,팟 씨유,Pad see ew,TH,Pad see ew,"자동 후보 (원산지 P495, 언어판 11)",
khao-kha-mu,카오 카 무,Khao kha mu,TH,Khao kha mu,"자동 후보 (원산지 P495, 언어판 10)",
nam-chim,남찜,Nam chim,TH,Nam chim,"자동 후보 (원산지 P495, 언어판 10)",
pla-ra,쁠라라,Pla ra,TH,Pla ra,"자동 후보 (원산지 P495, 언어판 10)",
pumpkin-coconut-custard,상카야 팍통,Pumpkin-coconut custard,TH,Pumpkin-coconut custard,"자동 후보 (원산지 P495, 언어판 10)",
tom-yum-kung,똠 얌 꿍,Tom yum kung,TH,Tom yum kung,"자동 후보 (원산지 P495, 언어판 10)",
kaeng-pa,깽 빠,Kaeng pa,TH,Kaeng pa,"자동 후보 (원산지 P495, 언어판 9)",
khanom-bueang,카놈 브앙,Khanom bueang,TH,Khanom bueang,"자동 후보 (원산지 P495, 언어판 9)",
khanom-chan,카놈 찬,Khanom chan,TH,Khanom chan,"자동 후보 (원산지 P495, 언어판 9)",
luk-chup,룩춥,Luk chup,TH,Luk chup,"자동 후보 (원산지 P495, 언어판 9)",
thong-yip,텅이프,Thong yip,TH,Thong yip,"자동 후보 (원산지 P495, 언어판 9)",
carabao-energy-drink,카라바오 에너지 드링크,Carabao Energy Drink,TH,Carabao Energy Drink,"자동 후보 (원산지 P495, 언어판 8)",
kaeng-khae,깽 캐,Kaeng khae,TH,Kaeng khae,"자동 후보 (원산지 P495, 언어판 8)",
khanom-chin,카놈 찐,Khanom chin,TH,Khanom chin,"자동 후보 (원산지 P495, 언어판 8)",
mi-krop,미끄롭,Mi krop,TH,Mi krop,"자동 후보 (원산지 P495, 언어판 8)",
oliang,올리앙,Oliang,TH,Oliang,"자동 후보 (원산지 P495, 언어판 8)",
thai-suki,수끼,Thai suki,TH,Thai suki,"자동 후보 (원산지 P495, 언어판 8)",
kaeng-tai-pla,깽따이쁠라,Kaeng tai pla,TH,Kaeng tai pla,"자동 후보 (원산지 P495, 언어판 7)",
khai-yat-sai,카이얏사이,Khai yat sai,TH,Khai yat sai,"자동 후보 (원산지 P495, 언어판 7)",
phat-phrik-khing,팟프릭킹,Phat phrik khing,TH,Phat phrik khing,"자동 후보 (원산지 P495, 언어판 7)",
roti-sai-mai,로띠싸이마이,Roti sai mai,TH,Roti sai mai,"자동 후보 (원산지 P495, 언어판 7)",
thong-yot,텅엿,Thong yot,TH,Thong yot,"자동 후보 (원산지 P495, 언어판 7)",
boat-noodles,꾸아이띠아오 르아,Boat noodles,TH,Boat noodles,"자동 후보 (원산지 P495, 언어판 6)",
kaeng-hang-le,깽항레,Kaeng hang le,TH,Kaeng hang le,"자동 후보 (원산지 P495, 언어판 6)",
khao-khluk-kapi,카오 클룩 까삐,Khao khluk kapi,TH,Khao khluk kapi,"자동 후보 (원산지 P495, 언어판 6)",
khao-mu-daeng,카오무댕,Khao mu daeng,TH,Khao mu daeng,"자동 후보 (원산지 P495, 언어판 6)",
tandyr-nan,탄드르 난,Tandyr nan,TJ,Tandyr nan,"자동 후보 (원산지 P495, 언어판 24)",
bichak,비차크,Bichak,TJ,Bichak,"자동 후보 (원산지 P495, 언어판 11)",
shakarap,샤카랍,Shakarap,TJ,Shakarap,"자동 후보 (원산지 P495, 언어판 8)",
chal,찰,Chal,TM,Chal,"자동 후보 (원산지 P495, 언어판 16)",
shakshouka,샥슈카,Shakshouka,TN,Shakshouka,"자동 후보 (원산지 P495, 언어판 52)",
harissa,하리사,Harissa,TN,Harissa,"자동 후보 (원산지 P495, 언어판 45)",
mechouia-salad,슬라타 므슈위야,Mechouia salad,TN,Mechouia salad,"자동 후보 (원산지 P495, 언어판 19)",
lablabi,라블라비,Lablabi,TN,Lablabi,"자동 후보 (원산지 P495, 언어판 17)",
fricasse,프리카세,Fricasse,TN,Fricasse,"자동 후보 (원산지 P495, 언어판 16)",
bambalouni,밤발로니,Bambalouni,TN,Bambalouni,"자동 후보 (원산지 P495, 언어판 14)",
assidat-zgougou,아시다트 즈구구,Assidat zgougou,TN,Assidat zgougou,"자동 후보 (원산지 P495, 언어판 11)",
msoki,므소키,Msoki,TN,Msoki,"자동 후보 (원산지 P495, 언어판 8)",
kabkabou,카브카부,Kabkabou,TN,Kabkabou,"자동 후보 (원산지 P495, 언어판 7)",
tabouna-bread,타부나 빵,Tabouna bread,TN,Tabouna bread,"자동 후보 (원산지 P495, 언어판 7)",
ummak-huriyya,움마크 후리야,Ummak huriyya,TN,Ummak huriyya,"자동 후보 (원산지 P495, 언어판 7)",
tea-with-pine-nuts,잣 차,Tea with pine nuts,TN,Tea with pine nuts,"자동 후보 (원산지 P495, 언어판 6)",
blunkett-salad,블렁킷 샐러드,Blunkett salad,TN,Blunkett salad,"자동 후보 (원산지 P495, 언어판 5)",
qalat-daqqa,칼랏 다카,Qâlat daqqa,TN,Qâlat daqqa,"자동 후보 (원산지 P495, 언어판 5)",
rigouta,리구타,Rigouta,TN,Rigouta,"자동 후보 (원산지 P495, 언어판 5)",
pkaila,프카일라,Pkaila,TN,Pkaila,"자동 후보 (원산지 P495, 언어판 3)",
tabil,타빌,Tabil,TN,Tabil,"자동 후보 (분류 Tunisian cuisine, 언어판 11)",
baklouti-pepper,바클루티 고추,Baklouti pepper,TN,Baklouti pepper,"자동 후보 (분류 Tunisian cuisine, 언어판 7)",
oudnin-el-kadhi,우드닌 엘 카디,Oudnin el kadhi,TN,Oudnin el kadhi,"자동 후보 (분류 Tunisian cuisine, 언어판 6)",
hrous,흐루스,Hrous,TN,Hrous,"자동 후보 (분류 Tunisian cuisine, 언어판 4)",
ayran,아이란,Ayran,TR,Ayran,"자동 후보 (원산지 P495, 언어판 65)",
meze,메제,Meze,TR,Meze,"자동 후보 (원산지 P495, 언어판 45)",
sujuk,수주크,Sujuk,TR,Sujuk,"자동 후보 (원산지 P495, 언어판 42)",
dondurma,돈두르마,Dondurma,TR,Dondurma,"자동 후보 (원산지 P495, 언어판 39)",
pastirma,파스트르마,Pastirma,TR,Pastirma,"자동 후보 (원산지 P495, 언어판 37)",
imam-bayld,이맘 바이을드,İmam bayıldı,TR,İmam bayıldı,"자동 후보 (원산지 P495, 언어판 36)",
ghivetch,귀베치,Ghivetch,TR,Ghivetch,"자동 후보 (원산지 P495, 언어판 28)",
keskek,케슈케크,Keşkek,TR,Keşkek,"자동 후보 (원산지 P495, 언어판 27)",
gozleme,괴즐레메,Gözleme,TR,Gözleme,"자동 후보 (원산지 P495, 언어판 25)",
durum,뒤륌,Dürüm,TR,Dürüm,"자동 후보 (원산지 P495, 언어판 22)",
ksr,크스르,Kısır,TR,Kısır,"자동 후보 (원산지 P495, 언어판 22)",
adana-kebab,아다나 케밥,Adana kebabı,TR,Adana kebabı,"자동 후보 (원산지 P495, 언어판 21)",
shish-taouk,시시 타우크,Shish taouk,TR,Shish taouk,"자동 후보 (원산지 P495, 언어판 20)",
cig-kofte,치으 쾨프테,Çiğ köfte,TR,Çiğ köfte,"자동 후보 (원산지 P495, 언어판 20)",
tavukgogsu,타북괴쉬쥐,Tavukgöğsü,TR,Tavukgöğsü,"자동 후보 (원산지 P495, 언어판 19)",
karnyark,카르느야르크,Karnıyarık,TR,Karnıyarık,"자동 후보 (원산지 P495, 언어판 18)",
kazandibi,카잔디비,Kazandibi,TR,Kazandibi,"자동 후보 (원산지 P495, 언어판 18)",
kesme,케스메,Kesme,TR,Kesme,"자동 후보 (원산지 P495, 언어판 18)",
kurdish-coffee,쿠르드 커피,Kurdish coffee,TR,Kurdish coffee,"자동 후보 (원산지 P495, 언어판 18)",
coban-salatas,초반 살라타스,Çoban salatası,TR,Çoban salatası,"자동 후보 (원산지 P495, 언어판 18)",
clbr,츨브르,Çılbır,TR,Çılbır,"자동 후보 (원산지 P495, 언어판 18)",
salgam,샬감,Şalgam,TR,Şalgam,"자동 후보 (원산지 P495, 언어판 18)",
bazlama,바즐라마,Bazlama,TR,Bazlama,"자동 후보 (원산지 P495, 언어판 17)",
yahni,야흐니,Yahni,TR,Yahni,"자동 후보 (원산지 P495, 언어판 17)",
yufka,유프카,Yufka,TR,Yufka,"자동 후보 (원산지 P495, 언어판 16)",
gullac,귈라치,Güllaç,TR,Güllaç,"자동 후보 (원산지 P495, 언어판 15)",
kalburabast,칼부라바스트,Kalburabastı,TR,Kalburabastı,"자동 후보 (원산지 P495, 언어판 15)",
arnavut-cigeri,아르나부트 지에리,Arnavut ciğeri,TR,Arnavut ciğeri,"자동 후보 (원산지 P495, 언어판 14)",
beyaz-peynir,베야즈 페이니르,Beyaz peynir,TR,Beyaz peynir,"자동 후보 (원산지 P495, 언어판 14)",
cezerye,제제리예,Cezerye,TR,Cezerye,"자동 후보 (원산지 P495, 언어판 14)",
hunkarbegendi,휭캬르베엔디,Hünkârbeğendi,TR,Hünkârbeğendi,"자동 후보 (원산지 P495, 언어판 14)",
kavurma,카부르마,Kavurma,TR,Kavurma,"자동 후보 (원산지 P495, 언어판 14)",
kuymak,쿠이막,Kuymak,TR,Kuymak,"자동 후보 (원산지 P495, 언어판 14)",
tahini-roll,타히니빵,Tahini roll,TR,Tahini roll,"자동 후보 (원산지 P495, 언어판 14)",
turlu,튈뤼,Türlü,TR,Türlü,"자동 후보 (원산지 P495, 언어판 14)",
balk-ekmek,발르크 에크메크,Balık ekmek,TR,Balık ekmek,"자동 후보 (원산지 P495, 언어판 13)",
boyoz,보요즈,Boyoz,TR,Boyoz,"자동 후보 (원산지 P495, 언어판 13)",
ezogelin-soup,에조겔린 수프,Ezogelin soup,TR,Ezogelin soup,"자동 후보 (원산지 P495, 언어판 13)",
keskul,케슈퀼,Keşkül,TR,Keşkül,"자동 후보 (원산지 P495, 언어판 13)",
piyaz,피야즈,Piyaz,TR,Piyaz,"자동 후보 (원산지 P495, 언어판 13)",
bulbul-yuvas,뷜뷜 유바스,Bülbül yuvası,TR,Bülbül yuvası,"자동 후보 (원산지 P495, 언어판 12)",
kapuska,카푸스카,Kapuska,TR,Kapuska,"자동 후보 (원산지 P495, 언어판 12)",
lakerda,라케르다,Lakerda,TR,Lakerda,"자동 후보 (원산지 P495, 언어판 12)",
mesir-macunu,메시르 마주누,Mesir macunu,TR,Mesir macunu,"자동 후보 (원산지 P495, 언어판 12)",
tantuni,탄투니,Tantuni,TR,Tantuni,"자동 후보 (원산지 P495, 언어판 12)",
yayla-corbas,야일라 초르바스,Yayla çorbası,TR,Yayla çorbası,"자동 후보 (원산지 P495, 언어판 12)",
ayva-tatls,아이바 타틀르스,Ayva tatlısı,TR,Ayva tatlısı,"자동 후보 (원산지 P495, 언어판 11)",
ekmek-kadayf,에크멕 카다이프,Ekmek kadayıfı,TR,Ekmek kadayıfı,"자동 후보 (원산지 P495, 언어판 11)",
hosaf,호샤프,Hoşaf,TR,Hoşaf,"자동 후보 (원산지 P495, 언어판 11)",
kemal-pasha-dessert,케말파샤 디저트,Kemal Pasha dessert,TR,Kemal Pasha dessert,"자동 후보 (원산지 P495, 언어판 11)",
kumpir,쿰피르,Kumpir,TR,Kumpir,"자동 후보 (원산지 P495, 언어판 11)",
macun,마준,Macun,TR,Macun,"자동 후보 (원산지 P495, 언어판 11)",
pestil,페스틸,Pestil,TR,Pestil,"자동 후보 (원산지 P495, 언어판 11)",
sutlu-nuriye,쉬틀뤼 누리예,Sütlü Nuriye,TR,Sütlü Nuriye,"자동 후보 (원산지 P495, 언어판 11)",
tulum-cheese,툴룸 치즈,Tulum cheese,TR,Tulum cheese,"자동 후보 (원산지 P495, 언어판 11)",
aloo-pie,알루 파이,Aloo pie,TT,Aloo pie,"자동 후보 (원산지 P495, 언어판 12)",
roti,로티,Roti,TT,Roti (wrap),"자동 후보 (원산지 P495, 언어판 7)",
bake-and-shark,베이크 앤드 샤크,Bake and shark,TT,Bake and shark,"자동 후보 (원산지 P495, 언어판 6)",
buljol,불졸,Buljol,TT,Buljol,"자동 후보 (원산지 P495, 언어판 6)",
pelau,펠라우,Pelau,TT,Pelau,"자동 후보 (원산지 P495, 언어판 6)",
peanut-punch,피넛 펀치,Peanut punch,TT,Peanut punch,"자동 후보 (원산지 P495, 언어판 4)",
bubble-tea,버블티,Bubble tea,TW,Bubble tea,"자동 후보 (원산지 P495, 언어판 64)",
stinky-tofu,취두부,Stinky tofu,TW,Stinky tofu,"자동 후보 (원산지 P495, 언어판 26)",
pineapple-cake,펑리수,Pineapple cake,TW,Pineapple cake,"자동 후보 (원산지 P495, 언어판 24)",
general-tso-s-chicken,제너럴 쏘 치킨,General Tso's chicken,TW,General Tso's chicken,"자동 후보 (원산지 P495, 언어판 23)",
oyster-omelette,오아젠,Oyster omelette,TW,Oyster omelette,"자동 후보 (원산지 P495, 언어판 20)",
suncake,타이양빙,Suncake,TW,Suncake (Taiwan),"자동 후보 (원산지 P495, 언어판 16)",
bah-uan,바완,Bah-uân,TW,Bah-uân,"자동 후보 (원산지 P495, 언어판 14)",
lo-bah-png,루러우판,Ló͘-bah-pn̄g,TW,Ló͘-bah-pn̄g,"자동 후보 (원산지 P495, 언어판 14)",
small-sausage-in-large-sausage,다창바오샤오창,Small sausage in large sausage,TW,Small sausage in large sausage,"자동 후보 (원산지 P495, 언어판 14)",
oyster-vermicelli,오아미쑤아,Oyster vermicelli,TW,Oyster vermicelli,"자동 후보 (원산지 P495, 언어판 13)",
tan-a-mi,단짜이몐,Tàⁿ-á-mī,TW,Tàⁿ-á-mī,"자동 후보 (원산지 P495, 언어판 13)",
braised-pork-rice,쿵러우판,Braised pork rice,TW,Braised pork rice,"자동 후보 (원산지 P495, 언어판 11)",
mongolian-beef,몽골리언 비프,Mongolian beef,TW,Mongolian beef,"자동 후보 (원산지 P495, 언어판 11)",
ageh,아게이,Ageh,TW,Ageh (food),"자동 후보 (원산지 P495, 언어판 10)",
dong-ding-tea,동정 우롱차,Dong Ding tea,TW,Dong Ding tea,"자동 후보 (원산지 P495, 언어판 10)",
mongolian-barbecue,몽골리안 바비큐,Mongolian barbecue,TW,Mongolian barbecue,"자동 후보 (원산지 P495, 언어판 10)",
taiwanese-fried-chicken,셴쑤지,Taiwanese fried chicken,TW,Taiwanese fried chicken,"자동 후보 (원산지 P495, 언어판 10)",
chiayi-turkey-rice,훠지러우판,Chiayi turkey rice,TW,Chiayi turkey rice,"자동 후보 (원산지 P495, 언어판 9)",
chhau-a-koe,차우아궤,Chháu-á-kóe,TW,Chháu-á-kóe,"자동 후보 (원산지 P495, 언어판 8)",
danbing,단빙,Danbing,TW,Danbing,"자동 후보 (원산지 P495, 언어판 7)",
moon-shrimp-cake,웨량샤빙,Moon shrimp cake,TW,Moon shrimp cake,"자동 후보 (원산지 P495, 언어판 7)",
shuangbaotai,솽바오타이,Shuangbaotai,TW,Shuangbaotai,"자동 후보 (원산지 P495, 언어판 7)",
taro-ball,타로볼,Taro ball,TW,Taro ball,"자동 후보 (원산지 P495, 언어판 6)",
tube-rice-pudding,땅아비꺼,Tube rice pudding,TW,Tube rice pudding,"자동 후보 (원산지 P495, 언어판 6)",
eel-noodles,장어 국수,Eel noodles,TW,Eel noodles,"자동 후보 (원산지 P495, 언어판 5)",
egg-yolk-pastry,단황수,Egg yolk pastry,TW,Egg yolk pastry,"자동 후보 (원산지 P495, 언어판 5)",
mango-shaved-ice,망고 빙수,Mango shaved ice,TW,Mango shaved ice,"자동 후보 (원산지 P495, 언어판 5)",
jin-xuan-tea,진쉬안 차,Jin Xuan tea,TW,Jin Xuan tea,"자동 후보 (원산지 P495, 언어판 4)",
kiam-piann,펑후셴빙,Kiâm-piánn,TW,Kiâm-piánn,"자동 후보 (원산지 P495, 언어판 4)",
cheese-tea,치즈티,Cheese tea,TW,Cheese tea,"자동 후보 (원산지 P495, 언어판 3)",
peanut-ice-cream-roll,땅콩 아이스크림 롤,Peanut ice cream roll,TW,Peanut ice cream roll,"자동 후보 (원산지 P495, 언어판 3)",
belly-button-pastry,배꼽 페이스트리,Belly button pastry,TW,Belly button pastry,"자동 후보 (원산지 P495, 언어판 2)",
ji-dan-gao,지단가오,Ji dan gao,TW,Ji dan gao,"자동 후보 (원산지 P495, 언어판 2)",
pineapple-shrimp-balls,파인애플 새우볼,Pineapple shrimp balls,TW,Pineapple shrimp balls,"자동 후보 (원산지 P495, 언어판 2)",
qq-egg,QQ 에그,QQ egg,TW,QQ egg,"자동 후보 (원산지 P495, 언어판 2)",
tshai-bue-thng,차이부에탕,Tshài-bué-thng,TW,Tshài-bué-thng,"자동 후보 (원산지 P495, 언어판 2)",
chipsi-mayai,칩시 마야이,Chipsi mayai,TZ,Chipsi mayai,"자동 후보 (원산지 P495, 언어판 7)",
mtori,음토리,Mtori,TZ,Mtori,"자동 후보 (원산지 P495, 언어판 6)",
ming-oko,밍오코,Ming'oko,TZ,Ming'oko,"자동 후보 (원산지 P495, 언어판 5)",
varenyky,바레니키,Varenyky,UA,Varenyky,"자동 후보 (원산지 P495, 언어판 39)",
kissel,키셀,Kissel,UA,Kissel,"자동 후보 (원산지 P495, 언어판 36)",
kyiv-cake,키이우 케이크,Kyiv cake,UA,Kyiv cake,"자동 후보 (원산지 P495, 언어판 33)",
syrniki,시르니키,Syrniki,UA,Syrniki,"자동 후보 (원산지 P495, 언어판 33)",
halusky,할루슈키,Halušky,UA,Halušky,"자동 후보 (원산지 P495, 언어판 32)",
pampushka,팜푸시카,Pampushka,UA,Pampushka,"자동 후보 (원산지 P495, 언어판 31)",
paska,파스카,Paska,UA,Paska (bread),"자동 후보 (원산지 P495, 언어판 29)",
palianytsia,팔랴니차,Palianytsia,UA,Palianytsia,"자동 후보 (원산지 P495, 언어판 23)",
bublik,부블리크,Bublik,UA,Bublik,"자동 후보 (원산지 P495, 언어판 21)",
knish,크니시,Knish,UA,Knish,"자동 후보 (원산지 P495, 언어판 18)",
banosh,바노시,Banosh,UA,Banosh,"자동 후보 (원산지 P495, 언어판 16)",
yavoriv-pie,야보리우 파이,Yavoriv pie,UA,Yavoriv pie,"자동 후보 (원산지 P495, 언어판 15)",
medivnyk,메디우니크,Medivnyk,UA,Medivnyk,"자동 후보 (원산지 P495, 언어판 12)",
hrechanyky,흐레차니키,Hrechanyky,UA,Hrechanyky,"자동 후보 (원산지 P495, 언어판 7)",
zozulia,조줄랴,Zozulia,UA,Zozulia (food),"자동 후보 (원산지 P495, 언어판 6)",
chocolate-salo,초콜릿 살로,Chocolate salo,UA,Chocolate salo,"자동 후보 (원산지 P495, 언어판 5)",
mandryky,만드리키,Mandryky,UA,Mandryky,"자동 후보 (원산지 P495, 언어판 4)",
shulyky,슐리키,Shulyky,UA,Shulyky,"자동 후보 (원산지 P495, 언어판 4)",
tsybulnyky,치불니키,Tsybulnyky,UA,Tsybulnyky,"자동 후보 (원산지 P495, 언어판 2)",
dressed-herring,셀디 포트 슈보이,Dressed herring,UA,Dressed herring,"자동 후보 (분류 Ukrainian cuisine, 언어판 21)",
hutsul-bryndza,후출 브린자,Hutsul bryndza,UA,Hutsul bryndza,"자동 후보 (분류 Ukrainian cuisine, 언어판 8)",
kherson-watermelon,헤르손 수박,Kherson watermelon,UA,Kherson watermelon,"자동 후보 (분류 Ukrainian cuisine, 언어판 7)",
gombovtsi,곰보우치,Gombovtsi,UA,Gombovtsi,"자동 후보 (분류 Ukrainian cuisine, 언어판 4)",
hutsul-sheep-bryndzya,후출 양젖 브린자,Hutsul sheep bryndzya,UA,Hutsul sheep bryndzya,"자동 후보 (분류 Ukrainian cuisine, 언어판 4)",
matoke,마토케,Matoke,UG,Matoke,"자동 후보 (원산지 P495, 언어판 14)",
katogo,카토고,Katogo,UG,Katogo (food),"자동 후보 (원산지 P495, 언어판 7)",
kikomando,키코만도,Kikomando,UG,Kikomando,"자동 후보 (원산지 P495, 언어판 6)",
dek-ngor,데크 응고르,Dek Ngor,UG,Dek Ngor,"자동 후보 (원산지 P495, 언어판 5)",
malewa,말레와,Malewa,UG,Malewa,"자동 후보 (원산지 P495, 언어판 5)",
mugoyo,무고요,Mugoyo,UG,Mugoyo,"자동 후보 (원산지 P495, 언어판 5)",
firinda,피린다,Firinda,UG,Firinda,"자동 후보 (원산지 P495, 언어판 4)",
luwombo,루옴보,Luwombo,UG,Luwombo,"자동 후보 (원산지 P495, 언어판 4)",
empogola,엠포골라,Empogola,UG,Empogola,"자동 후보 (원산지 P495, 언어판 3)",
eshabwe,에샤브웨,Eshabwe,UG,Eshabwe,"자동 후보 (원산지 P495, 언어판 3)",
kikalayi,키칼라이,Kikalayi,UG,Kikalayi,"자동 후보 (원산지 P495, 언어판 3)",
sombe,솜베,Sombe,UG,Sombe,"자동 후보 (원산지 P495, 언어판 2)",
omunanansi,오무나난시,Omunanansi,UG,Omunanansi,"자동 후보 (분류 Ugandan cuisine, 언어판 2)",
hot-dog,핫도그,Hot dog,US,Hot dog,"자동 후보 (원산지 P495, 언어판 90)",
cupcake,컵케이크,Cupcake,US,Cupcake,"자동 후보 (원산지 P495, 언어판 51)",
banana-bread,바나나빵,Banana bread,US,Banana bread,"자동 후보 (원산지 P495, 언어판 50)",
cheeseburger,치즈버거,Cheeseburger,US,Cheeseburger,"자동 후보 (원산지 P495, 언어판 50)",
corn-flakes,콘플레이크,Corn flakes,US,Corn flakes,"자동 후보 (원산지 P495, 언어판 47)",
banana-split,바나나 스플릿,Banana split,US,Banana split,"자동 후보 (원산지 P495, 언어판 42)",
fortune-cookie,포춘 쿠키,Fortune cookie,US,Fortune cookie,"자동 후보 (원산지 P495, 언어판 39)",
fudge,퍼지,Fudge,US,Fudge,"자동 후보 (원산지 P495, 언어판 38)",
onion-ring,어니언 링,Onion ring,US,Onion ring,"자동 후보 (원산지 P495, 언어판 37)",
pepperoni,페퍼로니,Pepperoni,US,Pepperoni,"자동 후보 (원산지 P495, 언어판 36)",
waldorf-salad,월도프 샐러드,Waldorf salad,US,Waldorf salad,"자동 후보 (원산지 P495, 언어판 36)",
eggs-benedict,에그 베네딕트,Eggs Benedict,US,Eggs Benedict,"자동 후보 (원산지 P495, 언어판 34)",
sundae-us,선데,Sundae,US,Sundae,"자동 후보 (원산지 P495, 언어판 34)",
corn-dog,콘도그,Corn dog,US,Corn dog,"자동 후보 (원산지 P495, 언어판 33)",
cornbread,콘브레드,Cornbread,US,Cornbread,"자동 후보 (원산지 P495, 언어판 32)",
red-velvet-cake,레드 벨벳 케이크,Red velvet cake,US,Red velvet cake,"자동 후보 (원산지 P495, 언어판 32)",
baked-alaska,베이크트 알래스카,Baked Alaska,US,Baked Alaska,"자동 후보 (원산지 P495, 언어판 31)",
pumpkin-pie,호박 파이,Pumpkin pie,US,Pumpkin pie,"자동 후보 (원산지 P495, 언어판 31)",
s-more,스모어,S'more,US,S'more,"자동 후보 (원산지 P495, 언어판 31)",
fried-ice-cream,아이스크림 튀김,Fried ice cream,US,Fried ice cream,"자동 후보 (원산지 P495, 언어판 30)",
club-sandwich,클럽 샌드위치,Club sandwich,US,Club sandwich,"자동 후보 (원산지 P495, 언어판 29)",
blt,BLT 샌드위치,BLT,US,BLT,"자동 후보 (원산지 P495, 언어판 27)",
california-roll,캘리포니아 롤,California roll,US,California roll,"자동 후보 (원산지 P495, 언어판 27)",
chocolate-chip-cookie,초콜릿 칩 쿠키,Chocolate chip cookie,US,Chocolate chip cookie,"자동 후보 (원산지 P495, 언어판 27)",
chowder,차우더,Chowder,US,Chowder,"자동 후보 (원산지 P495, 언어판 27)",
loco-moco,로코모코,Loco moco,US,Loco moco,"자동 후보 (원산지 P495, 언어판 27)",
thousand-island-dressing,사우전드 아일랜드 드레싱,Thousand Island dressing,US,Thousand Island dressing,"자동 후보 (원산지 P495, 언어판 27)",
angel-food-cake,엔젤 푸드 케이크,Angel food cake,US,Angel food cake,"자동 후보 (원산지 P495, 언어판 26)",
hash-browns,해시 브라운,Hash browns,US,Hash browns,"자동 후보 (원산지 P495, 언어판 26)",
candy-apple,캔디 애플,Candy apple,US,Candy apple,"자동 후보 (원산지 P495, 언어판 25)",
jelly-bean,젤리빈,Jelly bean,US,Jelly bean,"자동 후보 (원산지 P495, 언어판 25)",
key-lime-pie,키라임 파이,Key lime pie,US,Key lime pie,"자동 후보 (원산지 P495, 언어판 25)",
alaskan-ice-cream,아쿠탁,Alaskan ice cream,US,Alaskan ice cream,"자동 후보 (원산지 P495, 언어판 24)",
american-cheese,아메리칸 치즈,American cheese,US,American cheese,"자동 후보 (원산지 P495, 언어판 24)",
deep-dish-pizza,딥디시 피자,Deep-dish pizza,US,Deep-dish pizza,"자동 후보 (원산지 P495, 언어판 24)",
peanut-butter-and-jelly-sandwich,피넛버터 젤리 샌드위치,Peanut butter and jelly sandwich,US,Peanut butter and jelly sandwich,"자동 후보 (원산지 P495, 언어판 24)",
cobb-salad,코브 샐러드,Cobb salad,US,Cobb salad,"자동 후보 (원산지 P495, 언어판 23)",
cheesesteak,치즈스테이크,Cheesesteak,US,Cheesesteak,"자동 후보 (원산지 P495, 언어판 22)",
ranch-dressing,랜치 드레싱,Ranch dressing,US,Ranch dressing,"자동 후보 (원산지 P495, 언어판 22)",
sloppy-joe,슬로피 조,Sloppy joe,US,Sloppy joe,"자동 후보 (원산지 P495, 언어판 22)",
blueberry-pie,블루베리 파이,Blueberry pie,US,Blueberry pie,"자동 후보 (원산지 P495, 언어판 21)",
chiffon-cake,시폰 케이크,Chiffon cake,US,Chiffon cake,"자동 후보 (원산지 P495, 언어판 21)",
new-yorkstyle-pizza,뉴욕 피자,New York–style pizza,US,New York–style pizza,"자동 후보 (원산지 P495, 언어판 21)",
bananas-foster,바나나 포스터,Bananas Foster,US,Bananas Foster,"자동 후보 (원산지 P495, 언어판 20)",
bundt-cake,번트 케이크,Bundt cake,US,Bundt cake,"자동 후보 (원산지 P495, 언어판 20)",
frybread,프라이브레드,Frybread,US,Frybread,"자동 후보 (원산지 P495, 언어판 20)",
pecan-pie,피칸 파이,Pecan pie,US,Pecan pie,"자동 후보 (원산지 P495, 언어판 20)",
po-boy,포보이,Po' boy,US,Po' boy,"자동 후보 (원산지 P495, 언어판 20)",
pulled-pork,풀드 포크,Pulled pork,US,Pulled pork,"자동 후보 (원산지 P495, 언어판 20)",
spaghetti-and-meatballs,미트볼 스파게티,Spaghetti and meatballs,US,Spaghetti and meatballs,"자동 후보 (원산지 P495, 언어판 20)",
banana-pudding,바나나 푸딩,Banana pudding,US,Banana pudding,"자동 후보 (원산지 P495, 언어판 19)",
cake-pop,케이크 팝,Cake pop,US,Cake pop,"자동 후보 (원산지 P495, 언어판 19)",
cronut,크로넛,Cronut,US,Cronut,"자동 후보 (원산지 P495, 언어판 19)",
reuben-sandwich,루벤 샌드위치,Reuben sandwich,US,Reuben sandwich,"자동 후보 (원산지 P495, 언어판 19)",
turducken,터더킨,Turducken,US,Turducken,"자동 후보 (원산지 P495, 언어판 19)",
boston-cream-pie,보스턴 크림 파이,Boston cream pie,US,Boston cream pie,"자동 후보 (원산지 P495, 언어판 18)",
cobbler,코블러,Cobbler,US,Cobbler (food),"자동 후보 (원산지 P495, 언어판 18)",
crab-cake,크랩 케이크,Crab cake,US,Crab cake,"자동 후보 (원산지 P495, 언어판 18)",
devil-s-food-cake,데빌스 푸드 케이크,Devil's food cake,US,Devil's food cake,"자동 후보 (원산지 P495, 언어판 18)",
funnel-cake,퍼널 케이크,Funnel cake,US,Funnel cake,"자동 후보 (원산지 P495, 언어판 18)",
grits,그리츠,Grits,US,Grits,"자동 후보 (원산지 P495, 언어판 18)",
submarine-sandwich,서브머린 샌드위치,Submarine sandwich,US,Submarine sandwich,"자동 후보 (원산지 P495, 언어판 18)",
succotash,서코태시,Succotash,US,Succotash,"자동 후보 (원산지 P495, 언어판 18)",
cioppino,초피노,Cioppino,US,Cioppino,"자동 후보 (원산지 P495, 언어판 17)",
coffee-milk,커피 우유,Coffee milk,US,Coffee milk,"자동 후보 (원산지 P495, 언어판 17)",
cranberry-sauce,크랜베리 소스,Cranberry sauce,US,Cranberry sauce,"자동 후보 (원산지 P495, 언어판 17)",
hushpuppy,허시퍼피,Hushpuppy,US,Hushpuppy,"자동 후보 (원산지 P495, 언어판 17)",
lox,록스,Lox,US,Lox,"자동 후보 (원산지 P495, 언어판 17)",
tuna-fish-sandwich,참치 샌드위치,Tuna fish sandwich,US,Tuna fish sandwich,"자동 후보 (원산지 P495, 언어판 17)",
candy-corn,캔디 콘,Candy corn,US,Candy corn,"자동 후보 (원산지 P495, 언어판 16)",
chocolate-pizza,초콜릿 피자,Chocolate pizza,US,Chocolate pizza,"자동 후보 (원산지 P495, 언어판 16)",
fluffernutter,플러퍼너터,Fluffernutter,US,Fluffernutter,"자동 후보 (원산지 P495, 언어판 16)",
german-chocolate-cake,독일식 초콜릿 케이크,German chocolate cake,US,German chocolate cake,"자동 후보 (원산지 P495, 언어판 16)",
rhubarb-pie,루바브 파이,Rhubarb pie,US,Rhubarb pie,"자동 후보 (원산지 P495, 언어판 16)",
sweet-potato-pie,고구마 파이,Sweet potato pie,US,Sweet potato pie,"자동 후보 (원산지 P495, 언어판 16)",
swiss-cheese,스위스 치즈,Swiss cheese,US,Swiss cheese (North America),"자동 후보 (원산지 P495, 언어판 16)",
detroit-style-pizza,디트로이트식 피자,Detroit-style pizza,US,Detroit-style pizza,"자동 후보 (원산지 P495, 언어판 15)",
dutch-baby-pancake,더치 베이비 팬케이크,Dutch baby pancake,US,Dutch baby pancake,"자동 후보 (원산지 P495, 언어판 15)",
graham-bread,그레이엄 브레드,Graham bread,US,Graham bread,"자동 후보 (원산지 P495, 언어판 15)",
marshmallow-creme,마시멜로 크림,Marshmallow creme,US,Marshmallow creme,"자동 후보 (원산지 P495, 언어판 15)",
orange-chicken,오렌지 치킨,Orange chicken,US,Orange chicken,"자동 후보 (원산지 P495, 언어판 15)",
whoopie-pie,우피 파이,Whoopie pie,US,Whoopie pie,"자동 후보 (원산지 P495, 언어판 15)",
ambrosia,앰브로시아,Ambrosia,US,Ambrosia (fruit salad),"자동 후보 (원산지 P495, 언어판 14)",
chicken-and-waffles,치킨 앤드 와플,Chicken and waffles,US,Chicken and waffles,"자동 후보 (원산지 P495, 언어판 14)",
cincinnati-chili,신시내티 칠리,Cincinnati chili,US,Cincinnati chili,"자동 후보 (원산지 P495, 언어판 14)",
colby-cheese,콜비 치즈,Colby cheese,US,Colby cheese,"자동 후보 (원산지 P495, 언어판 14)",
cream-pie,크림 파이,Cream pie,US,Cream pie,"자동 후보 (원산지 P495, 언어판 14)",
mississippi-mud-pie,미시시피 머드 파이,Mississippi mud pie,US,Mississippi mud pie,"자동 후보 (원산지 P495, 언어판 14)",
mozzarella-sticks,모차렐라 스틱,Mozzarella sticks,US,Mozzarella sticks,"자동 후보 (원산지 P495, 언어판 14)",
salisbury-steak,솔즈베리 스테이크,Salisbury steak,US,Salisbury steak,"자동 후보 (원산지 P495, 언어판 14)",
corn-chowder,콘 차우더,Corn chowder,US,Corn chowder,"자동 후보 (원산지 P495, 언어판 13)",
egg-cream,에그 크림,Egg cream,US,Egg cream,"자동 후보 (원산지 P495, 언어판 13)",
lobster-roll,로브스터 롤,Lobster roll,US,Lobster roll,"자동 후보 (원산지 P495, 언어판 13)",
monte-cristo-sandwich,몬테크리스토 샌드위치,Monte Cristo sandwich,US,Monte Cristo sandwich,"자동 후보 (원산지 P495, 언어판 13)",
mate,마테,Mate,UY,Mate (drink),"자동 후보 (원산지 P495, 언어판 71)",
caruso-sauce,살사 카루소,Caruso sauce,UY,Caruso sauce,"자동 후보 (원산지 P495, 언어판 14)",
pastafrola,파스타프롤라,Pastafrola,UY,Pastafrola,"자동 후보 (원산지 P495, 언어판 13)",
chaja,차하,Chajá,UY,Chajá,"자동 후보 (원산지 P495, 언어판 6)",
submarino,수브마리노,Submarino,UY,Submarino (drink),"자동 후보 (원산지 P495, 언어판 6)",
colonia-cheese,콜로니아 치즈,Colonia cheese,UY,Colonia cheese,"자동 후보 (원산지 P495, 언어판 5)",
pamplona,팜플로나,Pamplona,UY,Pamplona (dish),"자동 후보 (원산지 P495, 언어판 4)",
samarkand-non,사마르칸트 논,Samarkand non,UZ,Samarkand non,"자동 후보 (원산지 P495, 언어판 3)",
juweri-gurtik,주웨리 구르티크,Juweri gurtik,UZ,Juweri gurtik,"자동 후보 (분류 Uzbekistani cuisine, 언어판 6)",
uzbek-plov,우즈베크 플로프,Uzbek plov,UZ,Uzbek plov,"자동 후보 (분류 Uzbekistani cuisine, 언어판 2)",
hallaca,아야카,Hallaca,VE,Hallaca,"자동 후보 (원산지 P495, 언어판 19)",
cachapa,카차파,Cachapa,VE,Cachapa,"자동 후보 (원산지 P495, 언어판 16)",
pabellon-criollo,파베욘 크리오요,Pabellón criollo,VE,Pabellón criollo,"자동 후보 (원산지 P495, 언어판 15)",
tequeno,테케뇨,Tequeño,VE,Tequeño,"자동 후보 (원산지 P495, 언어판 13)",
mandoca,만도카,Mandoca,VE,Mandoca,"자동 후보 (원산지 P495, 언어판 5)",
papelon-con-limon,파펠론 콘 리몬,Papelón con limón,VE,Papelón con limón,"자동 후보 (원산지 P495, 언어판 5)",
cachito,카치토,Cachito,VE,Cachito,"자동 후보 (원산지 P495, 언어판 3)",
perico,페리코,Perico,VE,Perico (food),"자동 후보 (원산지 P495, 언어판 3)",
pan-de-jamon,판 데 하몬,Pan de jamón,VE,Pan de jamón,"자동 후보 (분류 Venezuelan cuisine, 언어판 10)",
queso-de-mano,케소 데 마노,Queso de mano,VE,Queso de mano,"자동 후보 (분류 Venezuelan cuisine, 언어판 8)",
pho-vn,퍼,Pho,VN,Pho,"자동 후보 (원산지 P495, 언어판 58)",
vietnamese-iced-coffee,까페 스어 다,Vietnamese iced coffee,VN,Vietnamese iced coffee,"자동 후보 (원산지 P495, 언어판 26)",
bun-cha-vn,분 짜,Bun cha,VN,Bun cha,"자동 후보 (원산지 P495, 언어판 20)",
bun-bo-hue,분 보 후에,Bún bò Huế,VN,Bún bò Huế,"자동 후보 (원산지 P495, 언어판 19)",
cha-gio,짜 조,Chả giò,VN,Chả giò,"자동 후보 (원산지 P495, 언어판 17)",
banh-chung,바인 쯩,Bánh chưng,VN,Bánh chưng,"자동 후보 (원산지 P495, 언어판 16)",
banh-cuon,바인 꾸온,Bánh cuốn,VN,Bánh cuốn,"자동 후보 (원산지 P495, 언어판 16)",
banh-trang,바인 짱,Bánh tráng,VN,Bánh tráng,"자동 후보 (원산지 P495, 언어판 16)",
nuoc-cham,느억 쩜,Nước chấm,VN,Nước chấm,"자동 후보 (원산지 P495, 언어판 15)",
mi-quang,미꽝,Mì Quảng,VN,Mì Quảng,"자동 후보 (원산지 P495, 언어판 13)",
banh-bao,바인 바오,Bánh bao,VN,Bánh bao,"자동 후보 (원산지 P495, 언어판 12)",
canh-chua,까인 쭈어,Canh chua,VN,Canh chua,"자동 후보 (원산지 P495, 언어판 12)",
cao-lau,까오 러우,Cao lầu,VN,Cao lầu,"자동 후보 (원산지 P495, 언어판 11)",
chao-tom,짜오 똠,Chạo tôm,VN,Chạo tôm,"자동 후보 (원산지 P495, 언어판 11)",
tiet-canh,띠엣 까인,Tiết canh,VN,Tiết canh,"자동 후보 (원산지 P495, 언어판 11)",
banh-tet,바인 뗏,Bánh tét,VN,Bánh tét,"자동 후보 (원산지 P495, 언어판 10)",
bun-rieu,분 리에우,Bún riêu,VN,Bún riêu,"자동 후보 (원산지 P495, 언어판 10)",
che,째,Chè,VN,Chè,"자동 후보 (원산지 P495, 언어판 10)",
coconut-candy,깨오 즈어,Coconut candy,VN,Coconut candy,"자동 후보 (원산지 P495, 언어판 10)",
xoi,쏘이,Xôi,VN,Xôi,"자동 후보 (원산지 P495, 언어판 10)",
banh-canh,바인 까인,Bánh canh,VN,Bánh canh,"자동 후보 (원산지 P495, 언어판 9)",
com-ruou,껌 즈어우,Cơm rượu,VN,Cơm rượu,"자동 후보 (원산지 P495, 언어판 9)",
banh-bo,바인 보,Bánh bò,VN,Bánh bò,"자동 후보 (원산지 P495, 언어판 8)",
banh-chuoi,바인 쭈오이,Bánh chuối,VN,Bánh chuối,"자동 후보 (원산지 P495, 언어판 8)",
banh-hoi,바인 호이,Bánh hỏi,VN,Bánh hỏi,"자동 후보 (원산지 P495, 언어판 8)",
cha-ca-la-vong,짜 까 라봉,Chả cá Lã Vọng,VN,Chả cá Lã Vọng,"자동 후보 (원산지 P495, 언어판 8)",
nem-nuong,냄 느엉,Nem nướng,VN,Nem nướng,"자동 후보 (원산지 P495, 언어판 8)",
banh-te,반떼,Bánh tẻ,VN,Bánh tẻ,"자동 후보 (원산지 P495, 언어판 7)",
caramelized-pork-and-eggs,팃 코 따우,Caramelized pork and eggs,VN,Caramelized pork and eggs,"자동 후보 (원산지 P495, 언어판 7)",
hu-tieu,후띠에우,Hủ tiếu,VN,Hủ tiếu,"자동 후보 (원산지 P495, 언어판 7)",
banh-beo,바인 배오,Bánh bèo,VN,Bánh bèo,"자동 후보 (원산지 P495, 언어판 6)",
banh-da-lon,반저런,Bánh da lợn,VN,Bánh da lợn,"자동 후보 (원산지 P495, 언어판 6)",
banh-ran,바인 란,Bánh rán,VN,Bánh rán,"자동 후보 (원산지 P495, 언어판 6)",
banh-uc,반둑,Bánh đúc,VN,Bánh đúc,"자동 후보 (원산지 P495, 언어판 6)",
banh-au-xanh,바인 더우싸인,Bánh đậu xanh,VN,Bánh đậu xanh,"자동 후보 (원산지 P495, 언어판 6)",
bun-oc,분옥,Bún ốc,VN,Bún ốc,"자동 후보 (원산지 P495, 언어판 6)",
che-troi-nuoc,째쪼이늑,Chè trôi nước,VN,Chè trôi nước,"자동 후보 (원산지 P495, 언어판 6)",
ruou-nep,즈어우넵,Rượu nếp,VN,Rượu nếp,"자동 후보 (원산지 P495, 언어판 6)",
banh-bot-loc,반봇록,Bánh bột lọc,VN,Bánh bột lọc,"자동 후보 (원산지 P495, 언어판 5)",
banh-phu-the,바인 푸테,Bánh phu thê,VN,Bánh phu thê,"자동 후보 (원산지 P495, 언어판 5)",
bun-mam,분맘,Bún mắm,VN,Bún mắm,"자동 후보 (원산지 P495, 언어판 5)",
poi,포이,Poi,WS,Poi (dessert),"자동 후보 (원산지 P495, 언어판 2)",
murtabak,무르타박,Murtabak,YE,Murtabak,"자동 후보 (원산지 P495, 언어판 23)",
zhug,주그,Zhug,YE,Zhug,"자동 후보 (원산지 P495, 언어판 22)",
mandi,만디,Mandi,YE,Mandi (food),"자동 후보 (원산지 P495, 언어판 20)",
hawaij,하와이지,Hawaij,YE,Hawaij,"자동 후보 (원산지 P495, 언어판 14)",
jachnun,자흐눈,Jachnun,YE,Jachnun,"자동 후보 (원산지 P495, 언어판 14)",
malawach,말라와흐,Malawach,YE,Malawach,"자동 후보 (원산지 P495, 언어판 14)",
qishr,키시르,Qishr,YE,Qishr,"자동 후보 (원산지 P495, 언어판 10)",
kubaneh,쿠바네,Kubaneh,YE,Kubaneh,"자동 후보 (원산지 P495, 언어판 9)",
fahsa,파흐사,Fahsa,YE,Fahsa,"자동 후보 (원산지 P495, 언어판 8)",
fatoot,파투트,Fatoot,YE,Fatoot,"자동 후보 (원산지 P495, 언어판 7)",
bint-al-sahn,빈트 앗사흔,Bint al-sahn,YE,Bint al-sahn,"자동 후보 (원산지 P495, 언어판 6)",
haneeth,하니드,Haneeth,YE,Haneeth,"자동 후보 (원산지 P495, 언어판 6)",
maluj,말루가,Maluj,YE,Maluj,"자동 후보 (원산지 P495, 언어판 4)",
zom,좀,Zom,YE,Zom (food),"자동 후보 (원산지 P495, 언어판 2)",
caffe-mocha,카페 모카,Caffè mocha,YE,Caffè mocha,"자동 후보 (분류 Yemeni cuisine, 언어판 42)",
khubz-mulawah,물라와흐,Khubz mulawah,YE,Khubz mulawah,"자동 후보 (분류 Yemeni cuisine, 언어판 6)",
shatta,샤타,Shatta,YE,Shatta (condiment),"자동 후보 (분류 Yemeni cuisine, 언어판 2)",
vetkoek,페트쿡,Vetkoek,ZA,Vetkoek,"자동 후보 (원산지 P495, 언어판 21)",
melktert,멜크테르트,Melktert,ZA,Melktert,"자동 후보 (원산지 P495, 언어판 19)",
potjiekos,포이키코스,Potjiekos,ZA,Potjiekos,"자동 후보 (원산지 P495, 언어판 18)",
koeksister,쿠크시스터,Koeksister,ZA,Koeksister,"자동 후보 (원산지 P495, 언어판 17)",
sosatie,수사티,Sosatie,ZA,Sosatie,"자동 후보 (원산지 P495, 언어판 17)",
gatsby,개츠비,Gatsby,ZA,Gatsby (sandwich),"자동 후보 (원산지 P495, 언어판 13)",
hertzoggie,헤르초히,Hertzoggie,ZA,Hertzoggie,"자동 후보 (원산지 P495, 언어판 11)",
potbrood,폿브로트,Potbrood,ZA,Potbrood,"자동 후보 (원산지 P495, 언어판 11)",
umngqusho,움꾸쇼,Umngqusho,ZA,Umngqusho,"자동 후보 (원산지 P495, 언어판 10)",
dombolo,돔볼로,Dombolo,ZA,Dombolo,"자동 후보 (원산지 P495, 언어판 8)",
mala-mogodu,말라 모고두,Mala mogodu,ZA,Mala mogodu,"자동 후보 (원산지 P495, 언어판 8)",
mosbolletjies,모스볼레치스,Mosbolletjies,ZA,Mosbolletjies,"자동 후보 (원산지 P495, 언어판 8)",
tomato-bredie,토마토 브레디,Tomato bredie,ZA,Tomato bredie,"자동 후보 (원산지 P495, 언어판 8)",
waterblommetjiebredie,바테르블로메키브레디,Waterblommetjiebredie,ZA,Waterblommetjiebredie,"자동 후보 (원산지 P495, 언어판 8)",
boeber,부버,Boeber,ZA,Boeber,"자동 후보 (원산지 P495, 언어판 7)",
koe-sister,쿡시스터,Koe'sister,ZA,Koe'sister,"자동 후보 (원산지 P495, 언어판 7)",
bokkoms,보콤스,Bokkoms,ZA,Bokkoms,"자동 후보 (원산지 P495, 언어판 6)",
frikkadel,프리카델,Frikkadel,ZA,Frikkadel,"자동 후보 (원산지 P495, 언어판 6)",
spatlo,스파틀로,Spatlo,ZA,Spatlo,"자동 후보 (원산지 P495, 언어판 6)",
skilpadjies,스킬파키스,Skilpadjies,ZA,Skilpadjies,"자동 후보 (원산지 P495, 언어판 5)",
braaibroodjie,브라이브로키,Braaibroodjie,ZA,Braaibroodjie,"자동 후보 (원산지 P495, 언어판 4)",
soetpatats,수트파타츠,Soetpatats,ZA,Soetpatats,"자동 후보 (원산지 P495, 언어판 4)",
inyama-yenhloko,이냐마 옌흘로코,Inyama yenhloko,ZA,Inyama yenhloko,"자동 후보 (원산지 P495, 언어판 3)",
chikanda,치칸다,Chikanda,ZM,Chikanda,"자동 후보 (원산지 P495, 언어판 4)",
ifisashi,이피사시,Ifisashi,ZM,Ifisashi,"자동 후보 (원산지 P495, 언어판 4)",
